benchmark,variant,run,success,planning_time,roadmap_nodes,path_points,path_length,point_checks,line_checks,error_type
Giant Square,LazyPRM,0,1,0.024688999983482063,102,10,40.62167077129972,705,18,
Giant Square,LazyPRM,1,1,0.020147499977611005,86,10,39.656755086115226,662,14,
Giant Square,LazyPRM,2,1,0.01912599999923259,103,9,42.12155945922963,403,8,
Giant Square,LazyPRM,3,1,0.02431599999545142,81,12,42.50099686707012,818,16,
Giant Square,LazyPRM,4,1,0.013518699997803196,110,9,45.99151779468849,376,8,
Giant Square,LazyPRM,5,1,0.014428800001041964,102,9,41.324243794111105,410,8,
Giant Square,LazyPRM,6,1,0.014862499985611066,102,9,42.111961808026955,412,8,
Giant Square,LazyPRM,7,1,0.018573900015326217,101,11,41.7068789901814,512,10,
Giant Square,LazyPRM,8,1,0.015265299996826798,104,10,43.894355532441,465,9,
Giant Square,LazyPRM,9,1,0.015047900000354275,108,10,44.650297527491915,479,11,
Giant Square,LazyPRM,10,1,0.020141399989370257,151,10,42.68942526741829,499,9,
Giant Square,LazyPRM,11,1,0.02751050001825206,84,9,39.07975568152067,1000,22,
Giant Square,LazyPRM,12,1,0.014966899994760752,104,10,41.46850489051244,471,10,
Giant Square,LazyPRM,13,1,0.029517599992686883,91,9,39.28097354268502,908,19,
Giant Square,LazyPRM,14,1,0.014512699999613687,100,9,42.11537890488659,417,8,
Giant Square,LazyPRM,15,1,0.013721600000280887,104,9,43.856678244392846,395,8,
Giant Square,LazyPRM,16,1,0.013460200018016621,108,9,41.885791472856816,391,8,
Giant Square,LazyPRM,17,1,0.014181599981384352,108,10,41.3535697070231,442,9,
Giant Square,LazyPRM,18,1,0.01151789998402819,115,8,41.79773997115893,322,7,
Giant Square,LazyPRM,19,1,0.013600199978100136,108,9,43.248941316037396,415,9,
Giant Square,LazyPRM,20,1,0.01553470001090318,96,9,38.39915817476733,455,9,
Giant Square,LazyPRM,21,1,0.011059300013585016,122,9,41.85169657562952,339,8,
Giant Square,LazyPRM,22,1,0.020350200007669628,102,10,42.61499335895019,721,18,
Giant Square,LazyPRM,23,1,0.016737899975851178,102,10,41.13911094817062,564,12,
Giant Square,LazyPRM,24,1,0.02209350001066923,83,10,41.329779966461004,756,15,
Giant Square,LazyPRM,25,1,0.013929799984907731,103,9,41.41412354941317,402,8,
Giant Square,LazyPRM,26,1,0.014406200003577396,107,10,40.74735065951974,434,9,
Giant Square,LazyPRM,27,1,0.014934699982404709,103,10,42.03248170918167,454,9,
Giant Square,LazyPRM,28,1,0.016984199988655746,105,10,40.53454826546407,574,13,
Giant Square,LazyPRM,29,1,0.012563700001919642,113,9,43.20563755286357,367,8,
Giant Square,LazyPRM,30,1,0.013526000024285167,110,10,40.6917817778101,425,9,
Giant Square,LazyPRM,31,1,0.021760999981779605,91,10,41.94756653672299,799,17,
Giant Square,LazyPRM,32,1,0.01078770001186058,120,8,42.152138608735754,303,7,
Giant Square,LazyPRM,33,1,0.012965599977178499,111,9,41.5448376286165,383,8,
Giant Square,LazyPRM,34,1,0.013934899994637817,104,9,41.07199700114747,399,8,
Giant Square,LazyPRM,35,1,0.023531600018031895,78,10,43.07862431817933,861,16,
Giant Square,LazyPRM,36,1,0.018343100004130974,95,10,42.543528756220425,588,13,
Giant Square,LazyPRM,37,1,0.021204400021815673,92,10,40.70341836128072,739,15,
Giant Square,LazyPRM,38,1,0.016016999987186864,97,10,40.90193106468122,479,9,
Giant Square,LazyPRM,39,1,0.015676300012273714,105,11,41.87855231498527,511,10,
Giant Square,LazyPRM,40,1,0.027197499992325902,203,10,39.28105753790991,612,12,
Giant Square,LazyPRM,41,1,0.017695099988486618,125,10,40.36872081666267,482,9,
Giant Square,LazyPRM,42,1,0.013770199991995469,110,10,43.35861341754883,419,9,
Giant Square,LazyPRM,43,1,0.01372860002447851,117,9,40.339722885467864,433,12,
Giant Square,LazyPRM,44,1,0.019609699986176565,107,9,41.37165474438417,529,8,
Giant Square,LazyPRM,45,1,0.01482349997968413,103,10,40.323398317935954,452,9,
Giant Square,LazyPRM,46,1,0.020602700009476393,120,10,43.35517070114953,623,12,
Giant Square,LazyPRM,47,1,0.02705679999780841,122,9,42.38803972475566,729,12,
Giant Square,LazyPRM,48,1,0.015929899993352592,106,10,42.006566294372575,535,12,
Giant Square,LazyPRM,49,1,0.01967720000538975,106,10,41.3279772058815,718,18,
Giant Square,BasicPRM,0,1,0.6281191000016406,252,20,47.11097156250199,11270,263,
Giant Square,BasicPRM,1,1,0.5321373000042513,252,17,41.61577367181743,11153,261,
Giant Square,BasicPRM,2,1,0.5440835999906994,252,15,41.98163296607564,11239,262,
Giant Square,BasicPRM,3,1,0.5577573000045959,252,19,47.663860153485935,11428,269,
Giant Square,BasicPRM,4,0,0.5319489000248723,252,0,0.0,11129,261,
Giant Square,BasicPRM,5,1,0.539770800009137,252,22,51.23932115319484,11137,262,
Giant Square,BasicPRM,6,1,0.557826499978546,252,21,48.92740675874733,11188,261,
Giant Square,BasicPRM,7,1,0.5298348999931477,252,18,47.00630908641532,11080,251,
Giant Square,BasicPRM,8,1,0.5330297999898903,252,20,54.63881545399805,11078,259,
Giant Square,BasicPRM,9,0,0.5359113000158686,252,0,0.0,11296,268,
Giant Square,BasicPRM,10,0,0.5376982000016142,252,0,0.0,11099,255,
Giant Square,BasicPRM,11,1,0.530465899995761,252,16,43.0423057135742,11089,256,
Giant Square,BasicPRM,12,1,0.555783199990401,252,15,42.07484154053994,11237,271,
Giant Square,BasicPRM,13,1,1.4542320999898948,252,20,53.06641401490851,11470,274,
Giant Square,BasicPRM,14,1,0.5503703999856953,252,19,49.01286025900194,11250,262,
Giant Square,BasicPRM,15,1,0.5254912999807857,252,19,50.202646614408614,11037,251,
Giant Square,BasicPRM,16,1,0.5330383999971673,252,18,45.427274035404565,11084,252,
Giant Square,BasicPRM,17,0,0.5335462000221014,252,0,0.0,11098,267,
Giant Square,BasicPRM,18,1,0.553328199981479,252,18,45.27087589345702,11193,258,
Giant Square,BasicPRM,19,1,0.5393655000079889,252,17,43.107627032421306,11026,256,
Giant Square,BasicPRM,20,1,0.5496720999944955,252,19,51.80478315150691,11111,263,
Giant Square,BasicPRM,21,1,0.5546556999906898,252,17,43.928576269164644,11132,265,
Giant Square,BasicPRM,22,1,0.5306380999973044,252,18,47.33491348907774,11118,269,
Giant Square,BasicPRM,23,1,0.5318486999894958,252,17,44.48763931290519,11387,267,
Giant Square,BasicPRM,24,1,0.5411777999834158,252,18,44.148612627041125,11241,265,
Giant Square,BasicPRM,25,1,0.522144999995362,252,20,44.49485235926575,11114,256,
Giant Square,BasicPRM,26,1,0.5397411000158172,252,18,45.58284090062278,11351,282,
Giant Square,BasicPRM,27,0,1.078419199999189,252,0,0.0,11466,274,
Giant Square,BasicPRM,28,1,0.5469512999989092,252,16,44.365195997492286,11060,255,
Giant Square,BasicPRM,29,1,0.5386449999932665,252,23,58.66474350801895,11114,262,
Giant Square,BasicPRM,30,1,0.53687219999847,252,17,49.38093974378694,11222,268,
Giant Square,BasicPRM,31,1,0.5246028999972623,252,18,47.165981196909286,11058,257,
Giant Square,BasicPRM,32,1,0.5533838999981526,252,19,52.59445725649346,11116,259,
Giant Square,BasicPRM,33,1,0.5586204999999609,252,19,46.62484991280385,11133,260,
Giant Square,BasicPRM,34,1,0.545122999988962,252,19,47.687953634220776,11200,259,
Giant Square,BasicPRM,35,1,0.5275306999974418,252,18,44.30351592142014,11082,251,
Giant Square,BasicPRM,36,0,0.546247599995695,252,0,0.0,11373,274,
Giant Square,BasicPRM,37,1,0.6024655000073835,252,20,49.43603842535072,11165,260,
Giant Square,BasicPRM,38,0,0.5677375000086613,252,0,0.0,11155,265,
Giant Square,BasicPRM,39,1,0.5533032999956049,252,17,47.696182012007235,11027,257,
Giant Square,BasicPRM,40,1,0.555773300002329,252,19,46.12791853071181,11167,257,
Giant Square,BasicPRM,41,1,0.5889351000078022,252,17,43.809144183253004,11677,276,
Giant Square,BasicPRM,42,1,1.0477127999765798,252,18,45.06337206341298,11049,259,
Giant Square,BasicPRM,43,1,0.5627147000050172,252,18,45.32809061287385,11472,275,
Giant Square,BasicPRM,44,1,0.5322456999856513,252,17,50.4606160589744,11139,264,
Giant Square,BasicPRM,45,1,0.5252943999948911,252,20,44.774218985256525,11048,252,
Giant Square,BasicPRM,46,1,0.5260152000118978,252,20,48.987698143980275,11193,261,
Giant Square,BasicPRM,47,1,0.5244115999958012,252,19,48.83440043370505,11085,258,
Giant Square,BasicPRM,48,1,0.536551099998178,252,18,46.35398396304066,11220,267,
Giant Square,BasicPRM,49,1,0.5329844999941997,252,17,47.82169301490813,11072,255,
Giant Square,VisibilityPRM,0,1,0.15484370000194758,9,7,41.96009744506402,8782,474,
Giant Square,VisibilityPRM,1,1,0.14252780002425425,9,6,39.079414382294694,8138,364,
Giant Square,VisibilityPRM,2,1,0.1644607000052929,9,6,39.30198985054076,9416,351,
Giant Square,VisibilityPRM,3,1,0.15792910000891425,9,6,42.18171887912919,9061,367,
Giant Square,VisibilityPRM,4,1,0.16546419999212958,9,7,40.709788364137154,9442,364,
Giant Square,VisibilityPRM,5,1,0.13959389997762628,9,7,41.665858335544314,7902,318,
Giant Square,VisibilityPRM,6,1,0.1400934999983292,7,6,39.3039801530914,7989,357,
Giant Square,VisibilityPRM,7,1,0.16480960001354106,9,7,39.261956617770544,9443,383,
Giant Square,VisibilityPRM,8,1,0.13342150000971742,7,6,41.43402222273569,7411,236,
Giant Square,VisibilityPRM,9,1,0.14585709999664687,9,7,46.2160394875259,8294,376,
Giant Square,VisibilityPRM,10,1,0.14202420000219718,7,5,41.96819946178346,8050,299,
Giant Square,VisibilityPRM,11,1,0.7093458999879658,9,6,41.28238886209423,11325,366,
Giant Square,VisibilityPRM,12,1,0.15349999998579733,9,7,41.640708214001116,8356,331,
Giant Square,VisibilityPRM,13,1,0.17406499999924563,9,7,40.88536608189874,9994,425,
Giant Square,VisibilityPRM,14,1,0.14734609998413362,9,6,41.63501159743448,8331,383,
Giant Square,VisibilityPRM,15,1,0.14753789998940192,9,6,38.463138714356425,8458,385,
Giant Square,VisibilityPRM,16,1,0.1434976999880746,9,7,41.223863754196586,8180,344,
Giant Square,VisibilityPRM,17,1,0.15242319999379106,9,7,46.34928396473498,8661,426,
Giant Square,VisibilityPRM,18,1,0.15089010001975112,9,7,43.82790950124247,8450,418,
Giant Square,VisibilityPRM,19,1,0.16257970000151545,9,7,46.64785779748745,9232,412,
Giant Square,VisibilityPRM,20,1,0.14657480001915246,9,6,39.6941664146533,8409,414,
Giant Square,VisibilityPRM,21,1,0.14319929998600855,9,7,43.97102364364544,8196,349,
Giant Square,VisibilityPRM,22,1,0.1491379999788478,9,7,42.97364003495752,8409,407,
Giant Square,VisibilityPRM,23,1,0.18334250000771135,9,8,42.59457140618085,10579,398,
Giant Square,VisibilityPRM,24,1,0.1513721999945119,9,7,42.14826600062142,8546,441,
Giant Square,VisibilityPRM,25,1,0.16462660001707263,9,6,39.825148718273205,9142,439,
Giant Square,VisibilityPRM,26,1,0.15758329999516718,9,7,42.27455556327934,9056,401,
Giant Square,VisibilityPRM,27,1,0.15707660000771284,9,7,43.74520667090339,8949,438,
Giant Square,VisibilityPRM,28,1,0.13532869998016395,7,6,42.076404055280086,7719,291,
Giant Square,VisibilityPRM,29,1,0.17635550000704825,9,6,41.04981197423788,9761,473,
Giant Square,VisibilityPRM,30,1,0.16843140000128187,9,8,44.43882575262212,9324,402,
Giant Square,VisibilityPRM,31,1,0.17368949999217875,9,7,40.207293852977095,9651,427,
Giant Square,VisibilityPRM,32,1,0.15705459998571314,9,7,43.223926733866016,8593,382,
Giant Square,VisibilityPRM,33,1,0.6902860999980476,9,7,41.568009515393776,9332,492,
Giant Square,VisibilityPRM,34,1,0.15440030000172555,9,7,45.1389763728053,8490,367,
Giant Square,VisibilityPRM,35,1,0.1444197999953758,7,5,43.14873483110298,8054,262,
Giant Square,VisibilityPRM,36,1,0.1493592000042554,7,5,39.06418723065894,8439,278,
Giant Square,VisibilityPRM,37,1,0.17165470001054928,9,7,40.09008764530945,9514,486,
Giant Square,VisibilityPRM,38,1,0.15828020000481047,9,6,39.49680695046711,8933,428,
Giant Square,VisibilityPRM,39,1,0.15537960000801831,9,6,43.16591395230217,8448,448,
Giant Square,VisibilityPRM,40,1,0.15697159999399446,9,7,41.95623612846566,8408,424,
Giant Square,VisibilityPRM,41,1,0.17290850001154467,9,6,41.68407536921645,9236,437,
Giant Square,VisibilityPRM,42,1,0.17208050002227537,9,6,40.883702585191955,9589,404,
Giant Square,VisibilityPRM,43,1,0.16054340000846423,9,7,44.75305966251597,8818,377,
Giant Square,VisibilityPRM,44,1,0.15773939999053255,9,7,41.28974799635438,8914,428,
Giant Square,VisibilityPRM,45,1,0.15821120000327937,9,6,42.56129470103916,8896,401,
Giant Square,VisibilityPRM,46,1,0.1550619000045117,9,7,44.520164630942176,8773,353,
Giant Square,VisibilityPRM,47,1,0.16391530001419596,9,7,41.74213790169785,9052,423,
Giant Square,VisibilityPRM,48,1,0.13945670000975952,7,6,42.03488928128725,7637,330,
Giant Square,VisibilityPRM,49,1,0.14711089999764226,9,8,42.96165623808267,8326,387,
Giant Square,RRT,0,1,0.09554999999818392,91,12,42.41490269427108,4361,151,
Giant Square,RRT,1,1,0.009151599981123582,11,7,40.24185629978205,452,12,
Giant Square,RRT,2,1,0.00943040000856854,11,5,40.40016797491985,464,13,
Giant Square,RRT,3,1,0.02075880000484176,21,7,40.73961438567257,996,34,
Giant Square,RRT,4,1,0.0095932999975048,11,3,40.54399369542823,451,12,
Giant Square,RRT,5,1,0.008461199991870672,11,6,41.16023443209176,439,11,
Giant Square,RRT,6,1,0.009338800009572878,11,6,42.16942266753683,466,13,
Giant Square,RRT,7,1,0.010345100017730147,11,8,39.71941861970196,499,18,
Giant Square,RRT,8,1,0.008775200025411323,11,6,42.42844266601787,448,10,
Giant Square,RRT,9,1,0.00943340000230819,11,6,43.57862672614932,464,14,
Giant Square,RRT,10,1,0.03226370000629686,31,6,41.65548440016976,1479,56,
Giant Square,RRT,11,1,0.011558800004422665,11,4,41.02423567047256,449,10,
Giant Square,RRT,12,1,0.021291599987307563,21,10,39.719059691637526,939,28,
Giant Square,RRT,13,1,0.022885899990797043,21,8,42.32160778138629,993,45,
Giant Square,RRT,14,1,0.009888800006592646,11,6,40.82531786358261,483,14,
Giant Square,RRT,15,1,0.009139799978584051,11,4,40.95008489650643,459,13,
Giant Square,RRT,16,1,0.01989520000643097,21,8,42.913601939459234,975,31,
Giant Square,RRT,17,1,0.019127000006847084,21,9,43.137268475320674,929,30,
Giant Square,RRT,18,1,0.02176470000995323,21,8,42.99939192498607,961,28,
Giant Square,RRT,19,1,0.023610200005350634,21,7,42.93078133789012,1145,46,
Giant Square,RRT,20,1,0.01996330000110902,21,11,42.44673870884483,969,34,
Giant Square,RRT,21,1,0.020015999994939193,21,8,42.076141268285234,980,34,
Giant Square,RRT,22,1,0.010135000018635765,11,7,41.71428486754898,500,15,
Giant Square,RRT,23,1,0.01818529999582097,21,9,41.28877993041474,920,24,
Giant Square,RRT,24,1,0.02153070000349544,21,8,41.153248467262685,1027,38,
Giant Square,RRT,25,1,0.009443100017961115,11,7,40.62765335100877,465,12,
Giant Square,RRT,26,1,0.03917629999341443,41,6,41.62211394680448,1901,63,
Giant Square,RRT,27,1,0.018887999991420656,21,7,42.90493385285905,930,30,
Giant Square,RRT,28,1,0.009347599989268929,11,5,41.75835121979415,477,12,
Giant Square,RRT,29,1,0.018587699974887073,21,6,42.8938645701234,920,27,
Giant Square,RRT,30,1,0.019666199979837984,21,9,44.5014912946787,952,35,
Giant Square,RRT,31,1,0.008693000010680407,11,6,39.66210158577739,453,11,
Giant Square,RRT,32,1,0.031262800010154024,31,6,41.888132772551316,1498,46,
Giant Square,RRT,33,1,0.021061500010546297,21,8,40.470638891951985,1025,33,
Giant Square,RRT,34,1,0.010863500006962568,11,7,42.876638144759326,538,17,
Giant Square,RRT,35,1,0.008353800018085167,11,4,42.1918784465692,431,10,
Giant Square,RRT,36,1,0.008349800016731024,11,5,39.17612376043147,424,10,
Giant Square,RRT,37,1,0.008855000021867454,11,5,40.30963995525344,441,11,
Giant Square,RRT,38,1,0.009663200005888939,11,5,39.36654618299309,482,14,
Giant Square,RRT,39,1,0.009105800010729581,11,6,43.187334656688236,453,13,
Giant Square,RRT,40,1,0.009909799991874024,11,6,39.23357099389164,492,17,
Giant Square,RRT,41,1,0.011850100010633469,11,7,40.589070605564046,565,24,
Giant Square,RRT,42,1,0.01268250000430271,11,7,41.971853444100184,608,22,
Giant Square,RRT,43,1,0.024114100000588223,21,6,40.44125942337076,1071,52,
Giant Square,RRT,44,1,0.008996099990326911,11,6,42.74244548555331,453,12,
Giant Square,RRT,45,1,0.009749499993631616,11,4,39.472275010942994,489,15,
Giant Square,RRT,46,1,0.019058800011407584,21,7,41.588770706715714,938,26,
Giant Square,RRT,47,1,0.03070010000374168,31,6,41.25615900012487,1492,51,
Giant Square,RRT,48,1,0.01167060001171194,11,5,39.26090319025827,575,18,
Giant Square,RRT,49,1,0.009754500002600253,11,5,41.3453659085238,484,15,
Fat bottleneck,LazyPRM,0,1,0.07369469999684952,391,10,29.27131168959993,902,13,
Fat bottleneck,LazyPRM,1,1,0.24727950000669807,845,9,28.396293913765245,2448,45,
Fat bottleneck,LazyPRM,2,1,0.039640899980440736,217,9,27.10990457905878,592,8,
Fat bottleneck,LazyPRM,3,1,0.06440800000564195,400,9,31.328301582571363,721,10,
Fat bottleneck,LazyPRM,4,1,0.01812130000325851,114,9,28.43498908771063,392,9,
Fat bottleneck,LazyPRM,5,1,0.1367078000039328,671,10,29.561890000026157,1185,15,
Fat bottleneck,LazyPRM,6,1,0.06845560000510886,337,10,30.310650216994077,1028,17,
Fat bottleneck,LazyPRM,7,1,0.054772600007709116,318,10,31.143745832668664,726,9,
Fat bottleneck,LazyPRM,8,1,0.04070860001957044,191,9,30.74637555162222,743,13,
Fat bottleneck,LazyPRM,9,1,0.055710699991323054,259,10,31.626786093875133,930,15,
Fat bottleneck,LazyPRM,10,1,0.05902889999561012,411,9,29.198357461563234,646,8,
Fat bottleneck,LazyPRM,11,1,0.047321499994723126,212,8,29.67521811904968,822,17,
Fat bottleneck,LazyPRM,12,1,0.08795829999144189,350,10,28.673799000336547,1163,22,
Fat bottleneck,LazyPRM,13,1,0.15916559999459423,789,11,33.739711048130324,1156,11,
Fat bottleneck,LazyPRM,14,1,0.024353499989956617,93,9,33.95619053631444,511,12,
Fat bottleneck,LazyPRM,15,1,0.034219699999084696,196,9,26.569974009419052,538,8,
Fat bottleneck,LazyPRM,16,1,0.13307199999690056,674,11,31.43407527613745,1191,16,
Fat bottleneck,LazyPRM,17,1,0.025613100006012246,101,10,32.339792502848006,567,12,
Fat bottleneck,LazyPRM,18,1,0.04150910000316799,218,8,26.61264515452673,606,12,
Fat bottleneck,LazyPRM,19,1,0.19148089998634532,890,10,28.25167674799362,1226,11,
Fat bottleneck,LazyPRM,20,1,0.07379890000447631,283,11,32.09076507956819,1201,23,
Fat bottleneck,LazyPRM,21,1,0.04777309999917634,188,9,29.15192849361384,910,19,
Fat bottleneck,LazyPRM,22,1,0.03929760001483373,193,9,27.633362206324623,700,13,
Fat bottleneck,LazyPRM,23,1,0.01884149998659268,107,9,33.20659601948341,405,8,
Fat bottleneck,LazyPRM,24,1,0.0313832999963779,111,9,30.51533865137473,787,21,
Fat bottleneck,LazyPRM,25,1,0.056205500004580244,343,8,26.368898024303242,609,7,
Fat bottleneck,LazyPRM,26,1,0.04427320000831969,164,10,29.189451877717616,901,18,
Fat bottleneck,LazyPRM,27,1,0.08575970001402311,245,10,29.797994211745255,1630,37,
Fat bottleneck,LazyPRM,28,1,0.01768299998366274,112,9,29.549542968043745,379,8,
Fat bottleneck,LazyPRM,29,1,0.0739326000039,395,9,28.049229006423097,878,13,
Fat bottleneck,LazyPRM,30,1,0.06063339998945594,273,10,31.481961826533865,1090,21,
Fat bottleneck,LazyPRM,31,1,0.2548029999888968,1043,11,30.18924170524422,1458,14,
Fat bottleneck,LazyPRM,32,1,0.036153199995169416,224,8,28.09898208654432,493,7,
Fat bottleneck,LazyPRM,33,1,0.028065000020433217,145,9,28.636454050869162,512,9,
Fat bottleneck,LazyPRM,34,1,0.047029599983943626,160,10,30.14787516421772,970,21,
Fat bottleneck,LazyPRM,35,1,0.01680889999261126,110,8,28.388884213454087,342,7,
Fat bottleneck,LazyPRM,36,1,0.026091799983987585,116,9,36.082025650436016,508,8,
Fat bottleneck,LazyPRM,37,1,0.21928430002299137,1033,12,33.09298387933502,1494,16,
Fat bottleneck,LazyPRM,38,1,0.11242370001855306,445,10,31.862381343932206,1443,31,
Fat bottleneck,LazyPRM,39,1,0.0856402000063099,380,9,28.614160310150226,1074,21,
Fat bottleneck,LazyPRM,40,1,0.09251090002362616,456,10,31.494070914890777,1256,25,
Fat bottleneck,LazyPRM,41,1,0.07246860000304878,327,11,30.13185750525845,1227,25,
Fat bottleneck,LazyPRM,42,1,0.038446899998234585,163,9,29.967867091212398,750,14,
Fat bottleneck,LazyPRM,43,1,0.03078610001830384,105,10,28.51666453000328,753,18,
Fat bottleneck,LazyPRM,44,1,0.03654510001069866,192,9,30.43032938539623,617,12,
Fat bottleneck,LazyPRM,45,1,0.06469910001032986,450,10,29.493196404671764,755,12,
Fat bottleneck,LazyPRM,46,1,0.028905499988468364,154,9,31.59010765965083,593,13,
Fat bottleneck,LazyPRM,47,1,0.026746799994725734,96,10,30.731241005061293,615,12,
Fat bottleneck,LazyPRM,48,1,0.021883799985516816,102,9,29.878470643906677,464,10,
Fat bottleneck,LazyPRM,49,1,0.0349020000139717,131,9,29.298069164340383,665,11,
Fat bottleneck,BasicPRM,0,0,0.6759575000032783,252,0,0.0,10671,250,
Fat bottleneck,BasicPRM,1,0,1.2150642999913543,252,0,0.0,10785,261,
Fat bottleneck,BasicPRM,2,1,0.6957548000209499,252,12,32.53574136347964,10748,256,
Fat bottleneck,BasicPRM,3,0,0.6747612000035588,252,0,0.0,10644,252,
Fat bottleneck,BasicPRM,4,1,0.6852735000138637,252,14,36.41720816860657,10808,259,
Fat bottleneck,BasicPRM,5,0,0.6655089000123553,252,0,0.0,10629,250,
Fat bottleneck,BasicPRM,6,0,0.6700278999924194,252,0,0.0,10632,251,
Fat bottleneck,BasicPRM,7,0,0.663356200006092,252,0,0.0,10712,254,
Fat bottleneck,BasicPRM,8,0,0.6936250000144355,252,0,0.0,10717,254,
Fat bottleneck,BasicPRM,9,0,0.7079407999990508,252,0,0.0,10727,256,
Fat bottleneck,BasicPRM,10,0,0.6998882000043523,252,0,0.0,10726,258,
Fat bottleneck,BasicPRM,11,0,0.674556499987375,252,0,0.0,10647,252,
Fat bottleneck,BasicPRM,12,0,0.6730585999903269,252,0,0.0,10745,258,
Fat bottleneck,BasicPRM,13,0,0.6702039000228979,252,0,0.0,10710,255,
Fat bottleneck,BasicPRM,14,1,0.6721139999863226,252,13,31.949770750042187,10918,263,
Fat bottleneck,BasicPRM,15,1,0.6722283000126481,252,17,43.056908942049176,10709,254,
Fat bottleneck,BasicPRM,16,0,0.6883236999856308,252,0,0.0,10706,255,
Fat bottleneck,BasicPRM,17,1,1.1851966999820434,252,13,32.158262738526986,10695,251,
Fat bottleneck,BasicPRM,18,1,0.6590656999906059,252,18,52.14587083489519,10713,252,
Fat bottleneck,BasicPRM,19,0,0.6808125999814365,252,0,0.0,10685,254,
Fat bottleneck,BasicPRM,20,1,0.7010096999874804,252,16,40.66174974608362,10813,263,
Fat bottleneck,BasicPRM,21,1,0.6875463000033051,252,13,33.80092384499404,10664,251,
Fat bottleneck,BasicPRM,22,0,0.7029222999990452,252,0,0.0,10660,254,
Fat bottleneck,BasicPRM,23,1,0.7149454999889713,252,18,43.69725850506665,10731,254,
Fat bottleneck,BasicPRM,24,1,0.6858503999828827,252,15,39.74362238043258,10751,258,
Fat bottleneck,BasicPRM,25,0,0.6829361999989487,252,0,0.0,10764,258,
Fat bottleneck,BasicPRM,26,1,0.6818324000050779,252,17,43.29738101365701,10719,254,
Fat bottleneck,BasicPRM,27,0,0.6854800999863073,252,0,0.0,10676,254,
Fat bottleneck,BasicPRM,28,0,0.6739027000148781,252,0,0.0,10667,253,
Fat bottleneck,BasicPRM,29,0,0.6798144000058528,252,0,0.0,10888,261,
Fat bottleneck,BasicPRM,30,0,0.6579485999827739,252,0,0.0,10697,254,
Fat bottleneck,BasicPRM,31,0,0.6965170000039507,252,0,0.0,10608,249,
Fat bottleneck,BasicPRM,32,0,0.6812740000023041,252,0,0.0,10619,250,
Fat bottleneck,BasicPRM,33,1,1.1606674999929965,252,24,68.12838364332259,10680,251,
Fat bottleneck,BasicPRM,34,0,0.6720289000077173,252,0,0.0,10720,257,
Fat bottleneck,BasicPRM,35,1,0.6981098999967799,252,13,34.57551302061066,10713,253,
Fat bottleneck,BasicPRM,36,0,0.6953101999824867,252,0,0.0,10657,252,
Fat bottleneck,BasicPRM,37,0,0.7054637999972329,252,0,0.0,10671,252,
Fat bottleneck,BasicPRM,38,0,0.6776474000071175,252,0,0.0,10666,255,
Fat bottleneck,BasicPRM,39,0,0.705536099994788,252,0,0.0,10732,253,
Fat bottleneck,BasicPRM,40,0,0.6959531999891624,252,0,0.0,10650,251,
Fat bottleneck,BasicPRM,41,0,0.6714530999888666,252,0,0.0,10598,250,
Fat bottleneck,BasicPRM,42,0,0.6890194000152405,252,0,0.0,10620,252,
Fat bottleneck,BasicPRM,43,0,0.6756007000221871,252,0,0.0,10843,261,
Fat bottleneck,BasicPRM,44,1,0.6932941999984905,252,15,38.106546860622935,10850,263,
Fat bottleneck,BasicPRM,45,0,0.6644606000045314,252,0,0.0,10653,251,
Fat bottleneck,BasicPRM,46,0,0.6607437999919057,252,0,0.0,10652,253,
Fat bottleneck,BasicPRM,47,1,0.6632550999929663,252,14,33.467690045536806,10742,255,
Fat bottleneck,BasicPRM,48,1,0.6623580000014044,252,14,40.861400195384434,10673,252,
Fat bottleneck,BasicPRM,49,0,0.6795210000127554,252,0,0.0,10652,252,
Fat bottleneck,VisibilityPRM,0,0,0.2566798999905586,4,0,0.0,8361,309,
Fat bottleneck,VisibilityPRM,1,1,0.25972360000014305,7,7,34.98050662971903,8466,278,
Fat bottleneck,VisibilityPRM,2,1,0.47497540002223104,7,7,33.142727633273225,15534,557,
Fat bottleneck,VisibilityPRM,3,0,0.4385428999958094,6,0,0.0,14164,561,
Fat bottleneck,VisibilityPRM,4,1,0.29326510001556017,7,6,31.168487086742427,9573,344,
Fat bottleneck,VisibilityPRM,5,1,0.2635819999850355,7,5,36.34648661831377,8512,299,
Fat bottleneck,VisibilityPRM,6,0,0.2515916999836918,4,0,0.0,8192,307,
Fat bottleneck,VisibilityPRM,7,1,0.28775519999908283,7,5,30.962491100323394,9410,323,
Fat bottleneck,VisibilityPRM,8,1,0.23412959999404848,7,6,37.91814906304181,7683,246,
Fat bottleneck,VisibilityPRM,9,1,0.23301950001041405,5,4,32.52713653946758,7358,230,
Fat bottleneck,VisibilityPRM,10,1,0.25728170000365935,7,6,40.80262163492641,8237,266,
Fat bottleneck,VisibilityPRM,11,1,0.24956850000307895,7,6,37.79251058751138,8078,264,
Fat bottleneck,VisibilityPRM,12,1,0.2941247000126168,7,7,47.1504845311627,9536,330,
Fat bottleneck,VisibilityPRM,13,1,0.24728929999400862,7,6,41.475141847958554,7806,247,
Fat bottleneck,VisibilityPRM,14,1,0.2544521999952849,7,6,44.97344278784327,8253,270,
Fat bottleneck,VisibilityPRM,15,1,0.29282119998242706,7,7,44.57894849238041,9427,323,
Fat bottleneck,VisibilityPRM,16,1,0.2549074999988079,7,5,35.161327093072636,8097,260,
Fat bottleneck,VisibilityPRM,17,1,0.30340049997903407,7,6,32.98464196338816,9854,351,
Fat bottleneck,VisibilityPRM,18,1,0.2685267000051681,7,5,30.778785680069873,8641,287,
Fat bottleneck,VisibilityPRM,19,1,1.005804899992654,7,6,31.931725096090144,15578,551,
Fat bottleneck,VisibilityPRM,20,1,0.23198740000952967,7,7,38.07911561885153,7562,236,
Fat bottleneck,VisibilityPRM,21,1,0.2264271000167355,5,4,30.1838299292884,7328,227,
Fat bottleneck,VisibilityPRM,22,1,0.22970690001966432,5,5,35.48017836065626,7502,248,
Fat bottleneck,VisibilityPRM,23,1,0.27866589999757707,7,6,38.81632627984769,9137,323,
Fat bottleneck,VisibilityPRM,24,1,0.3063558000139892,7,5,29.9175070633136,9894,351,
Fat bottleneck,VisibilityPRM,25,1,0.27080289999139495,7,5,29.538502390103808,8661,276,
Fat bottleneck,VisibilityPRM,26,1,0.26342010000371374,7,5,29.39106359724154,8395,284,
Fat bottleneck,VisibilityPRM,27,1,0.24891250001383014,7,7,39.740355287847635,7973,282,
Fat bottleneck,VisibilityPRM,28,1,0.2790439999953378,7,6,33.071013702668154,8956,310,
Fat bottleneck,VisibilityPRM,29,0,0.2880261999962386,6,0,0.0,9363,388,
Fat bottleneck,VisibilityPRM,30,0,0.24452340000425465,4,0,0.0,7919,305,
Fat bottleneck,VisibilityPRM,31,1,0.36557929997798055,7,6,33.95179233641241,11898,430,
Fat bottleneck,VisibilityPRM,32,1,0.3557317999948282,7,7,43.11950698356048,11602,397,
Fat bottleneck,VisibilityPRM,33,1,0.38566549998358823,7,6,33.61832585890977,12611,446,
Fat bottleneck,VisibilityPRM,34,1,0.47993110000970773,7,7,31.153245302205985,15481,559,
Fat bottleneck,VisibilityPRM,35,1,0.25423390002106316,7,7,38.927135207042646,8073,267,
Fat bottleneck,VisibilityPRM,36,1,0.27182819999870844,7,6,35.77286383732004,8830,290,
Fat bottleneck,VisibilityPRM,37,1,0.22291370001039468,5,5,34.09945741018818,7197,235,
Fat bottleneck,VisibilityPRM,38,1,0.27305190000333823,5,4,28.03485991937417,7878,270,
Fat bottleneck,VisibilityPRM,39,1,0.284265599999344,7,5,28.30759049599939,8356,284,
Fat bottleneck,VisibilityPRM,40,1,0.2688956999918446,7,6,36.278573922867295,7752,244,
Fat bottleneck,VisibilityPRM,41,1,0.9332593000144698,7,6,30.151031594817372,9175,328,
Fat bottleneck,VisibilityPRM,42,1,0.37530370001331903,7,6,31.203463238667226,12202,446,
Fat bottleneck,VisibilityPRM,43,1,0.2779920999892056,7,5,31.320666355736083,8964,298,
Fat bottleneck,VisibilityPRM,44,1,0.2579101999872364,7,6,30.717584669515972,8397,299,
Fat bottleneck,VisibilityPRM,45,1,0.25547209999058396,7,6,33.848092902047235,8173,288,
Fat bottleneck,VisibilityPRM,46,1,0.2656115999852773,7,6,34.95524978654879,8551,298,
Fat bottleneck,VisibilityPRM,47,1,0.34111829998437315,9,8,47.6247548655719,11025,390,
Fat bottleneck,VisibilityPRM,48,1,0.2667308999807574,7,6,30.91603174963176,8455,280,
Fat bottleneck,VisibilityPRM,49,1,0.3780554999830201,7,7,36.14184002125712,12207,440,
Fat bottleneck,RRT,0,1,0.16644510001060553,91,11,51.96090467690033,4458,214,
Fat bottleneck,RRT,1,1,0.09591949998866767,51,13,38.39380147757644,2560,121,
Fat bottleneck,RRT,2,1,0.10902270002407022,61,6,27.075540749228104,3064,138,
Fat bottleneck,RRT,3,1,0.10497919999761507,61,7,28.712730465164015,3003,127,
Fat bottleneck,RRT,4,1,0.03573520001373254,21,6,33.85281139861129,1052,36,
Fat bottleneck,RRT,5,1,0.1802781999867875,91,11,31.893497649175085,4386,214,
Fat bottleneck,RRT,6,1,0.27541349999955855,151,10,33.22767862188141,7452,355,
Fat bottleneck,RRT,7,1,0.2331240999919828,131,13,46.71546322973452,6365,301,
Fat bottleneck,RRT,8,1,0.29763139999704435,171,10,32.960804423906936,8157,390,
Fat bottleneck,RRT,9,1,0.08361170001444407,51,8,34.33583430001159,2380,98,
Fat bottleneck,RRT,10,1,0.06928319999133237,41,7,36.4241169671775,1949,79,
Fat bottleneck,RRT,11,1,0.03558560000965372,21,8,44.55573431129273,960,31,
Fat bottleneck,RRT,12,1,0.022203700005775318,11,6,41.78438624096355,611,23,
Fat bottleneck,RRT,13,1,0.05618580000009388,31,7,48.2927902994196,1532,59,
Fat bottleneck,RRT,14,1,0.03571960001136176,21,7,46.09076980260621,969,33,
Fat bottleneck,RRT,15,1,0.04942799999844283,31,6,36.18457148393994,1385,49,
Fat bottleneck,RRT,16,1,0.3174136999878101,171,10,49.11531210285662,8187,418,
Fat bottleneck,RRT,17,1,0.0726481000019703,41,8,31.92056125918907,2134,90,
Fat bottleneck,RRT,18,1,0.05588920001173392,31,7,32.885315322488964,1598,68,
Fat bottleneck,RRT,19,1,0.22784149998915382,131,13,46.909805156042154,6210,286,
Fat bottleneck,RRT,20,1,0.21543609999935143,121,11,37.411769935977595,5929,292,
Fat bottleneck,RRT,21,1,0.014962200017180294,11,6,37.831302124216535,449,11,
Fat bottleneck,RRT,22,1,0.19237669999711215,111,14,50.39931680751777,5377,246,
Fat bottleneck,RRT,23,1,0.12951880000764504,81,11,42.32531060132127,3746,142,
Fat bottleneck,RRT,24,1,0.07521139999153093,41,12,52.909920295169634,2090,90,
Fat bottleneck,RRT,25,1,0.3459484000049997,191,9,28.57514038061985,9189,475,
Fat bottleneck,RRT,26,0,0.5826728000247385,300,0,0.0,14484,751,
Fat bottleneck,RRT,27,1,0.12447350000729784,71,12,37.40366102038958,3533,164,
Fat bottleneck,RRT,28,1,0.13858940001227893,81,8,30.9671224737743,3955,141,
Fat bottleneck,RRT,29,1,0.16559599997708574,91,12,46.88976733380375,4535,200,
Fat bottleneck,RRT,30,1,0.9876445999834687,241,13,49.15123862858439,11676,540,
Fat bottleneck,RRT,31,1,0.3293028000043705,181,11,41.57175731442304,8654,423,
Fat bottleneck,RRT,32,1,0.03311809999286197,21,5,28.568725325874563,985,34,
Fat bottleneck,RRT,33,1,0.11137989998678677,61,10,34.91036279094152,3038,119,
Fat bottleneck,RRT,34,1,0.03544889998738654,21,6,36.28779700768345,1014,32,
Fat bottleneck,RRT,35,1,0.09161460000905208,51,10,39.77256966481611,2623,106,
Fat bottleneck,RRT,36,1,0.1244791999924928,71,9,42.60223846702968,3460,133,
Fat bottleneck,RRT,37,1,0.3240540999977384,171,9,32.245678582387555,8221,417,
Fat bottleneck,RRT,38,1,0.30573540000477806,161,8,36.1346368395695,8015,408,
Fat bottleneck,RRT,39,1,0.17913079998106696,101,7,45.46046470651236,4931,239,
Fat bottleneck,RRT,40,1,0.4480496000032872,241,11,53.85620882636354,11639,567,
Fat bottleneck,RRT,41,1,0.03307859998312779,21,7,30.09442147997499,972,33,
Fat bottleneck,RRT,42,1,0.21605439999257214,131,13,53.11196241171743,6032,250,
Fat bottleneck,RRT,43,1,0.03338830001302995,21,6,35.429758350608246,941,34,
Fat bottleneck,RRT,44,1,0.14340369999990799,81,16,48.01605781710947,3920,184,
Fat bottleneck,RRT,45,1,0.035124899994116277,21,6,34.5559292706741,996,37,
Fat bottleneck,RRT,46,1,0.05298629999742843,31,6,32.42817383292811,1563,58,
Fat bottleneck,RRT,47,1,0.03484910001861863,21,5,29.56302831563251,998,40,
Fat bottleneck,RRT,48,1,0.2583215999766253,141,10,46.65759649411479,6564,296,
Fat bottleneck,RRT,49,1,0.03276470000855625,21,6,34.62105684372445,954,31,
Clutter Forest,LazyPRM,0,1,0.06320040000719018,120,9,40.011168079327284,481,12,
Clutter Forest,LazyPRM,1,1,0.10275819999515079,115,9,36.866952136638545,804,21,
Clutter Forest,LazyPRM,2,1,0.04179170000134036,121,8,34.17810110934073,301,7,
Clutter Forest,LazyPRM,3,1,0.13380209999741055,118,9,33.52830616912156,1062,29,
Clutter Forest,LazyPRM,4,1,0.041129899997031316,122,8,28.958721752513757,297,7,
Clutter Forest,LazyPRM,5,1,0.04148350001196377,121,8,33.8570315732146,302,7,
Clutter Forest,LazyPRM,6,1,0.04086740000639111,121,8,30.04711775134026,299,7,
Clutter Forest,LazyPRM,7,1,0.04632569997920655,121,9,34.41467439175058,345,8,
Clutter Forest,LazyPRM,8,1,0.09034039999824017,119,9,29.926005190086332,539,13,
Clutter Forest,LazyPRM,9,1,0.05054660001769662,119,8,33.74243913238969,363,9,
Clutter Forest,LazyPRM,10,1,0.04382930000429042,119,8,35.605208215040356,309,7,
Clutter Forest,LazyPRM,11,1,0.07321060000685975,122,8,31.933539920593862,550,14,
Clutter Forest,LazyPRM,12,1,0.0422238000028301,122,8,29.09324267384548,297,7,
Clutter Forest,LazyPRM,13,1,0.0406477999931667,122,8,34.38651728263467,297,7,
Clutter Forest,LazyPRM,14,1,0.0471075999957975,120,9,32.87390634462414,346,8,
Clutter Forest,LazyPRM,15,1,0.06657080000150017,118,9,35.96282213173626,507,12,
Clutter Forest,LazyPRM,16,1,0.04837289999704808,122,8,30.497906654504302,354,9,
Clutter Forest,LazyPRM,17,1,0.04130860001896508,122,8,33.606158189844926,297,7,
Clutter Forest,LazyPRM,18,1,0.05535519999102689,120,8,30.29996763029257,409,11,
Clutter Forest,LazyPRM,19,1,0.058654399996157736,120,7,31.72076672220094,439,11,
Clutter Forest,LazyPRM,20,1,0.05859630001941696,121,8,28.90466527652927,438,11,
Clutter Forest,LazyPRM,21,1,0.0628292000037618,118,8,33.652660119726605,479,12,
Clutter Forest,LazyPRM,22,1,0.13773000001674518,118,8,31.955493562023076,1091,31,
Clutter Forest,LazyPRM,23,1,0.06487190001644194,117,8,30.51206079200475,496,12,
Clutter Forest,LazyPRM,24,1,0.040447100007440895,122,8,30.163939525812115,297,7,
Clutter Forest,LazyPRM,25,1,0.047785300004761666,122,8,31.63757204598815,353,9,
Clutter Forest,LazyPRM,26,1,0.040762699994957075,122,8,32.00598128268622,297,7,
Clutter Forest,LazyPRM,27,1,0.04253209999296814,122,8,31.25582297332955,297,7,
Clutter Forest,LazyPRM,28,1,0.03786719997879118,122,7,33.40969016395469,255,6,
Clutter Forest,LazyPRM,29,1,0.0864931000105571,117,10,30.60316027576614,674,18,
Clutter Forest,LazyPRM,30,1,0.036101600009715185,121,7,29.75059831473265,257,6,
Clutter Forest,LazyPRM,31,1,0.042487099999561906,120,8,32.9479780932316,306,7,
Clutter Forest,LazyPRM,32,1,0.05596199998399243,119,9,31.18011554087621,414,10,
Clutter Forest,LazyPRM,33,1,0.041027999977814034,122,8,34.311472954061244,297,7,
Clutter Forest,LazyPRM,34,1,0.04085059999488294,121,8,38.03312566055999,299,7,
Clutter Forest,LazyPRM,35,1,0.06025390001013875,121,8,32.908893444247894,460,12,
Clutter Forest,LazyPRM,36,1,0.04181120000430383,120,8,29.181508556925902,304,7,
Clutter Forest,LazyPRM,37,1,0.08760170001187362,119,8,28.70312271163605,677,19,
Clutter Forest,LazyPRM,38,1,0.03893989999778569,120,7,33.938736522600685,263,6,
Clutter Forest,LazyPRM,39,1,0.08403749999706633,119,8,31.991867222963904,643,18,
Clutter Forest,LazyPRM,40,1,0.07507279998390004,118,9,38.86874208610731,576,14,
Clutter Forest,LazyPRM,41,1,0.05753520000143908,122,8,31.424709214782194,432,11,
Clutter Forest,LazyPRM,42,1,0.13013549998868257,122,9,34.189012196288736,1033,28,
Clutter Forest,LazyPRM,43,1,0.04089779997593723,122,8,30.918085797152578,297,7,
Clutter Forest,LazyPRM,44,1,0.08053410000866279,115,9,34.898936861746385,583,15,
Clutter Forest,LazyPRM,45,1,0.05878150000353344,119,9,34.41708588734232,348,8,
Clutter Forest,LazyPRM,46,1,0.05216439999639988,122,8,30.517794875313502,393,10,
Clutter Forest,LazyPRM,47,1,0.04375209999852814,122,7,38.82745992018877,320,8,
Clutter Forest,LazyPRM,48,1,0.0529839999799151,121,8,39.227328131518206,391,11,
Clutter Forest,LazyPRM,49,1,0.10065949999261647,118,9,37.27152959766263,792,21,
Clutter Forest,BasicPRM,0,1,1.6801955999981146,252,17,45.30166666312471,10815,273,
Clutter Forest,BasicPRM,1,1,1.638879399979487,252,15,42.35737796789827,10606,261,
Clutter Forest,BasicPRM,2,1,1.6296253000036813,252,17,47.94026378526842,10761,268,
Clutter Forest,BasicPRM,3,1,1.67864619998727,252,20,53.22764127579927,11021,284,
Clutter Forest,BasicPRM,4,1,1.6451103999861516,252,19,53.60038073385474,10613,264,
Clutter Forest,BasicPRM,5,1,1.6545796999998856,252,16,36.89048473974752,10735,266,
Clutter Forest,BasicPRM,6,1,1.6603604000119958,252,23,62.82024929664735,10658,263,
Clutter Forest,BasicPRM,7,1,1.6412507999921218,252,13,34.72473917150796,10808,274,
Clutter Forest,BasicPRM,8,1,1.689977000001818,252,15,37.04442428380981,10764,273,
Clutter Forest,BasicPRM,9,1,1.7701387999986764,252,21,55.298431914785034,10647,260,
Clutter Forest,BasicPRM,10,1,2.228906999982428,252,17,43.774198865044625,10707,265,
Clutter Forest,BasicPRM,11,1,1.6326223000069149,252,15,38.20718648555076,10735,263,
Clutter Forest,BasicPRM,12,1,1.689182999980403,252,13,38.51550061311828,10648,261,
Clutter Forest,BasicPRM,13,1,1.6605329999874812,252,18,46.47864775890351,10891,276,
Clutter Forest,BasicPRM,14,1,1.8104223999835085,252,16,42.993692490896635,10746,265,
Clutter Forest,BasicPRM,15,1,1.6983057000034023,252,17,51.18643585191873,10813,274,
Clutter Forest,BasicPRM,16,1,1.6432986999861896,252,19,53.89737498194338,10687,262,
Clutter Forest,BasicPRM,17,1,1.6549858000071254,252,29,83.7686256342683,10799,266,
Clutter Forest,BasicPRM,18,1,1.6513594999851193,252,18,51.36522475172439,10667,277,
Clutter Forest,BasicPRM,19,1,1.6733606999914628,252,13,36.86858758229791,10775,275,
Clutter Forest,BasicPRM,20,1,1.6593064999906346,252,23,58.95870598919377,10794,270,
Clutter Forest,BasicPRM,21,1,1.6501222999941092,252,15,42.16564642980843,10810,266,
Clutter Forest,BasicPRM,22,1,1.6783698999788612,252,14,37.85800393861117,10727,274,
Clutter Forest,BasicPRM,23,0,1.6377980000106618,252,0,0.0,10754,274,
Clutter Forest,BasicPRM,24,1,1.6141561999975238,252,13,37.53335114922832,10707,264,
Clutter Forest,BasicPRM,25,1,1.6446973999845795,252,18,46.63720140880516,10822,271,
Clutter Forest,BasicPRM,26,1,2.554772799980128,252,17,42.698237515425404,10832,281,
Clutter Forest,BasicPRM,27,1,2.021988099993905,252,22,63.50105494245752,10855,276,
Clutter Forest,BasicPRM,28,1,1.651066099992022,252,14,35.74185796113597,10943,277,
Clutter Forest,BasicPRM,29,1,1.6377544999995735,252,20,57.45221791433927,10796,270,
Clutter Forest,BasicPRM,30,1,1.8118086000031326,252,17,42.48825947164157,10754,270,
Clutter Forest,BasicPRM,31,1,1.6931303000019398,252,22,54.47578106351494,10910,279,
Clutter Forest,BasicPRM,32,1,1.726079000014579,252,17,52.138005507322745,10994,293,
Clutter Forest,BasicPRM,33,1,1.649557900003856,252,19,51.478507098495044,10713,266,
Clutter Forest,BasicPRM,34,1,1.6549568000191357,252,19,53.61307259932222,10714,269,
Clutter Forest,BasicPRM,35,1,1.6565527000057045,252,18,49.710230698346756,10671,260,
Clutter Forest,BasicPRM,36,1,1.6911775000044145,252,18,49.296273340682895,10871,279,
Clutter Forest,BasicPRM,37,1,1.6814453999977559,252,18,48.85899397436544,10700,273,
Clutter Forest,BasicPRM,38,1,1.665001499990467,252,18,41.56052576727697,10727,266,
Clutter Forest,BasicPRM,39,1,1.720472900022287,252,20,54.82233593707429,10886,275,
Clutter Forest,BasicPRM,40,1,1.6566712000058033,252,15,40.2701320696642,10617,256,
Clutter Forest,BasicPRM,41,1,1.6359953000210226,252,15,41.354154724430906,10775,275,
Clutter Forest,BasicPRM,42,1,1.694850600004429,252,21,52.575914782462206,10863,271,
Clutter Forest,BasicPRM,43,1,1.7037198999896646,252,15,39.39411783200187,10688,269,
Clutter Forest,BasicPRM,44,1,1.6615173000027426,252,17,44.642161938568634,10761,269,
Clutter Forest,BasicPRM,45,1,1.7225937999901362,252,24,61.737497703513434,10690,261,
Clutter Forest,BasicPRM,46,1,1.7427007000078447,252,17,46.28530280263519,10669,265,
Clutter Forest,BasicPRM,47,1,1.806768500013277,252,15,39.725220434927415,10842,270,
Clutter Forest,BasicPRM,48,1,1.6361218999954872,252,21,55.22908600578912,10778,274,
Clutter Forest,BasicPRM,49,1,1.6514973000157624,252,22,65.49795254931551,10886,276,
Clutter Forest,VisibilityPRM,0,1,1.7885665000067092,15,6,33.823154521313796,14911,536,
Clutter Forest,VisibilityPRM,1,1,2.2389141000167,13,6,37.718945601333616,18746,643,
Clutter Forest,VisibilityPRM,2,1,1.2968650000111666,11,4,28.018650509200896,10970,371,
Clutter Forest,VisibilityPRM,3,1,1.2465067000011913,11,6,37.178105208905116,10455,389,
Clutter Forest,VisibilityPRM,4,1,1.3584619000030216,13,7,46.4749523745029,11501,398,
Clutter Forest,VisibilityPRM,5,1,1.7306781000224873,13,7,51.18059705098775,14595,495,
Clutter Forest,VisibilityPRM,6,1,1.2884541999956127,11,9,73.10719969273615,10922,373,
Clutter Forest,VisibilityPRM,7,1,1.6627023000037298,11,5,38.36404523368942,14077,444,
Clutter Forest,VisibilityPRM,8,1,2.681516099983128,13,4,30.24877767301811,22599,743,
Clutter Forest,VisibilityPRM,9,1,1.1798882999864873,11,7,39.57535154429741,10030,333,
Clutter Forest,VisibilityPRM,10,1,1.6294734999828506,11,6,32.75689340923652,13661,490,
Clutter Forest,VisibilityPRM,11,1,1.3748816000006627,13,8,38.895224424048365,11532,394,
Clutter Forest,VisibilityPRM,12,1,1.5379442000121344,11,5,31.67796275029656,12969,448,
Clutter Forest,VisibilityPRM,13,1,2.753771299991058,15,7,60.8991197244497,23482,820,
Clutter Forest,VisibilityPRM,14,1,4.6229945000086445,17,7,58.81849093171172,39091,1355,
Clutter Forest,VisibilityPRM,15,1,1.3066641000041272,13,9,54.56772018428542,11109,371,
Clutter Forest,VisibilityPRM,16,1,1.362610499985749,13,9,64.41316431803153,11687,398,
Clutter Forest,VisibilityPRM,17,1,1.224456399999326,11,5,34.842165616299894,10423,361,
Clutter Forest,VisibilityPRM,18,1,3.5665849999932107,19,5,31.68416372028596,26132,877,
Clutter Forest,VisibilityPRM,19,1,1.912818899989361,11,7,45.579172731605695,16112,514,
Clutter Forest,VisibilityPRM,20,1,2.1629260999907274,13,8,50.966708252749335,18241,651,
Clutter Forest,VisibilityPRM,21,1,1.4424778999818955,13,8,53.82091563070395,12222,420,
Clutter Forest,VisibilityPRM,22,1,2.0065579999936745,11,4,27.770226098307738,17146,604,
Clutter Forest,VisibilityPRM,23,1,1.6502379000012297,13,9,53.40133684770091,14014,485,
Clutter Forest,VisibilityPRM,24,1,1.9463613999832887,13,6,44.96245038646756,16288,539,
Clutter Forest,VisibilityPRM,25,1,1.152329100004863,11,7,48.09202753221422,9797,333,
Clutter Forest,VisibilityPRM,26,1,2.382348999992246,13,6,34.22722594867609,20269,661,
Clutter Forest,VisibilityPRM,27,1,1.3759521000029054,11,6,46.154318547801026,11655,393,
Clutter Forest,VisibilityPRM,28,1,2.28076520000468,15,7,37.96504726267252,19173,669,
Clutter Forest,VisibilityPRM,29,1,1.8020254999864846,11,9,60.131304308697885,10698,371,
Clutter Forest,VisibilityPRM,30,1,1.1989557000051718,11,6,43.43838661939088,9789,305,
Clutter Forest,VisibilityPRM,31,1,1.6055235000094399,11,7,61.4249757498237,13139,436,
Clutter Forest,VisibilityPRM,32,1,3.129799999995157,17,6,39.46183232564418,26221,897,
Clutter Forest,VisibilityPRM,33,1,1.3352122000069357,11,6,55.69522131255607,11294,372,
Clutter Forest,VisibilityPRM,34,1,1.2035455000004731,13,6,37.85956026992642,10029,360,
Clutter Forest,VisibilityPRM,35,1,1.6164395000087097,13,7,37.36741709529075,13571,459,
Clutter Forest,VisibilityPRM,36,1,1.3997077999811154,11,7,40.30966884615664,11942,386,
Clutter Forest,VisibilityPRM,37,1,1.2695677000156138,11,7,50.43238161906943,10799,375,
Clutter Forest,VisibilityPRM,38,1,1.0702892999979667,11,5,43.383474386968054,9122,284,
Clutter Forest,VisibilityPRM,39,1,2.5344406999938656,13,9,64.01496527710543,21447,727,
Clutter Forest,VisibilityPRM,40,1,1.4633540000068024,11,6,40.34350757584203,12338,423,
Clutter Forest,VisibilityPRM,41,1,2.1991883000009693,13,8,50.4087309648937,18236,623,
Clutter Forest,VisibilityPRM,42,1,1.3402222000004258,11,7,60.19355896059664,10295,332,
Clutter Forest,VisibilityPRM,43,1,1.712468199984869,11,8,50.638707976534626,10138,330,
Clutter Forest,VisibilityPRM,44,1,2.1387006000149995,15,5,34.43659333561712,18120,602,
Clutter Forest,VisibilityPRM,45,1,1.076231800019741,11,7,47.25800340702203,8987,302,
Clutter Forest,VisibilityPRM,46,1,1.718409499997506,15,6,35.368475671125026,14333,485,
Clutter Forest,VisibilityPRM,47,1,1.3879425000050105,11,8,57.80783514275233,10550,343,
Clutter Forest,VisibilityPRM,48,1,1.4251834999886341,15,5,33.46862355411736,12180,409,
Clutter Forest,VisibilityPRM,49,1,1.383561099995859,11,8,60.527231421485986,11780,388,
Clutter Forest,RRT,0,1,0.11193970000022091,21,6,31.012669538702355,913,29,
Clutter Forest,RRT,1,1,0.05806830001529306,11,3,28.895343441175044,479,12,
Clutter Forest,RRT,2,1,0.060419200017349795,11,6,35.481151823298035,483,17,
Clutter Forest,RRT,3,1,0.06601889999001287,11,7,34.86670463858678,541,25,
Clutter Forest,RRT,4,1,0.16067930002463982,31,6,37.94381016873898,1322,36,
Clutter Forest,RRT,5,1,0.0583512999874074,11,6,29.75813906800926,479,14,
Clutter Forest,RRT,6,1,0.1066041000012774,21,7,36.42424905086977,874,22,
Clutter Forest,RRT,7,1,0.057341799983987585,11,6,42.2579886506492,473,14,
Clutter Forest,RRT,8,1,0.05779580000671558,11,5,32.51751857410374,477,15,
Clutter Forest,RRT,9,1,0.056561200006399304,11,5,35.849867763817294,463,13,
Clutter Forest,RRT,10,1,0.11877000000094995,21,6,41.379422887848435,977,32,
Clutter Forest,RRT,11,1,0.06316240000887774,11,4,33.246236442732105,517,17,
Clutter Forest,RRT,12,1,0.1089499999943655,21,7,32.26645822277166,888,24,
Clutter Forest,RRT,13,1,0.05110769998282194,11,5,34.11697663335916,423,10,
Clutter Forest,RRT,14,1,0.05626589999883436,11,6,29.674720814224106,460,12,
Clutter Forest,RRT,15,1,0.11861350000253879,21,5,30.541684201424623,965,27,
Clutter Forest,RRT,16,1,0.060727200005203485,11,4,30.252179459001603,488,15,
Clutter Forest,RRT,17,1,0.2239895000238903,41,7,39.62170395972721,1811,54,
Clutter Forest,RRT,18,1,0.10650679998798296,21,8,32.290026822380646,875,23,
Clutter Forest,RRT,19,1,0.05249000000185333,11,6,39.310463193023566,428,11,
Clutter Forest,RRT,20,1,0.1303190999897197,21,9,57.17140977421559,1071,39,
Clutter Forest,RRT,21,1,0.06156370000098832,11,5,41.77202771290332,501,16,
Clutter Forest,RRT,22,1,0.05950669999583624,11,4,27.75517162735538,485,14,
Clutter Forest,RRT,23,1,0.16796980000799522,31,5,37.262697746981516,1366,41,
Clutter Forest,RRT,24,1,0.05273930000839755,11,7,34.656887045799635,434,11,
Clutter Forest,RRT,25,1,0.11107760001323186,21,5,33.02472291448035,915,28,
Clutter Forest,RRT,26,1,0.11572719999821857,21,7,43.91112737651522,947,26,
Clutter Forest,RRT,27,1,0.1231102000165265,21,9,44.445012880391275,1015,47,
Clutter Forest,RRT,28,1,0.06057880001026206,11,4,33.71119360278533,494,13,
Clutter Forest,RRT,29,1,0.10805460001574829,21,5,41.13444951729494,880,25,
Clutter Forest,RRT,30,1,0.07179529999848455,11,4,32.507104660535646,585,17,
Clutter Forest,RRT,31,1,0.055408500018529594,11,5,36.479850315768815,451,15,
Clutter Forest,RRT,32,1,0.052471600007265806,11,6,47.365096887449454,429,11,
Clutter Forest,RRT,33,1,0.063017900014529,11,5,35.579982052845914,523,15,
Clutter Forest,RRT,34,1,0.06259960000170395,11,4,32.92084187413515,506,13,
Clutter Forest,RRT,35,1,0.05733040001359768,11,5,37.90012774574206,477,12,
Clutter Forest,RRT,36,1,0.12056350000784732,21,6,34.73092620242902,992,27,
Clutter Forest,RRT,37,1,0.05138809999334626,11,4,39.13104334731728,422,10,
Clutter Forest,RRT,38,1,0.06059449998429045,11,5,38.07568033301933,495,14,
Clutter Forest,RRT,39,1,0.17105619999347255,31,7,39.315281969460685,1405,43,
Clutter Forest,RRT,40,1,0.05603000000701286,11,6,30.676270352361822,461,12,
Clutter Forest,RRT,41,1,0.05134909998741932,11,4,31.851647290263372,422,10,
Clutter Forest,RRT,42,1,0.05327890001353808,11,6,34.419165797870974,423,10,
Clutter Forest,RRT,43,1,0.11356870000599883,21,7,34.73036352758865,915,26,
Clutter Forest,RRT,44,1,0.07295130001148209,11,6,43.055491863642494,591,19,
Clutter Forest,RRT,45,1,0.06606370001100004,11,6,41.46589919084176,524,15,
Clutter Forest,RRT,46,1,0.06461099997977726,11,5,32.054017082412116,520,16,
Clutter Forest,RRT,47,1,0.06430229998659343,11,6,34.197419769375394,513,17,
Clutter Forest,RRT,48,1,0.05619909998495132,11,5,33.4248091394117,454,11,
Clutter Forest,RRT,49,1,0.05582949999370612,11,5,35.331968434765336,452,11,
Nested Trap,LazyPRM,0,1,0.131563200004166,117,10,37.60651661594751,3190,128,
Nested Trap,LazyPRM,1,1,0.06797450000885874,90,13,42.15506523979571,1667,52,
Nested Trap,LazyPRM,2,1,0.06598320000921376,105,9,25.83315333613421,1603,61,
Nested Trap,LazyPRM,3,1,0.05165609999676235,133,10,33.613442894433945,1177,43,
Nested Trap,LazyPRM,4,1,0.18036359999678098,141,10,30.051320001431147,4371,185,
Nested Trap,LazyPRM,5,1,0.04408819999662228,101,10,29.473500168798466,1019,34,
Nested Trap,LazyPRM,6,1,0.13377949999994598,145,10,37.170263766452216,3161,112,
Nested Trap,LazyPRM,7,1,0.06065379999927245,99,10,36.23465084501743,1459,57,
Nested Trap,LazyPRM,8,1,0.03780810002353974,106,9,27.785907062460936,840,34,
Nested Trap,LazyPRM,9,1,0.05361380000249483,89,10,37.585188383984374,1256,34,
Nested Trap,LazyPRM,10,1,0.12058980000438169,102,11,40.255349175425444,3044,100,
Nested Trap,LazyPRM,11,1,0.13275530000100844,128,11,37.91629120111795,3286,134,
Nested Trap,LazyPRM,12,1,0.08092910001869313,97,11,40.752205904487305,1933,69,
Nested Trap,LazyPRM,13,1,0.07930640000267886,105,9,25.128069614848414,1920,75,
Nested Trap,LazyPRM,14,1,0.04801540001062676,110,10,37.20388803466279,1137,42,
Nested Trap,LazyPRM,15,1,0.06192070001270622,95,10,29.188378026644493,1458,50,
Nested Trap,LazyPRM,16,1,0.06063130000256933,104,10,36.51027711534619,1484,49,
Nested Trap,LazyPRM,17,1,0.1284729999897536,121,9,29.858914607625138,3098,126,
Nested Trap,LazyPRM,18,1,0.09294060000684112,99,11,40.6425910219032,2195,95,
Nested Trap,LazyPRM,19,1,0.04935079999268055,109,9,27.843077135054497,1164,43,
Nested Trap,LazyPRM,20,1,0.03848449999350123,97,9,26.73223384986979,849,25,
Nested Trap,LazyPRM,21,1,0.08549289999064058,94,11,29.33064008804695,2099,78,
Nested Trap,LazyPRM,22,1,0.03281459998106584,114,8,24.69787758333991,680,25,
Nested Trap,LazyPRM,23,1,0.08403600001474842,123,8,24.632604533188807,1932,79,
Nested Trap,LazyPRM,24,1,0.2026418999885209,153,9,25.879165121858055,4933,197,
Nested Trap,LazyPRM,25,1,0.05237479999777861,98,11,37.80178678844378,1234,42,
Nested Trap,LazyPRM,26,1,0.049243400018895045,99,11,40.84730501368962,1203,40,
Nested Trap,LazyPRM,27,1,0.25333879998652264,163,9,27.60091487001681,6475,246,
Nested Trap,LazyPRM,28,1,0.08079090001410805,108,9,27.119756043767165,1980,78,
Nested Trap,LazyPRM,29,1,0.05593920001410879,107,10,35.778113800384475,1365,41,
Nested Trap,LazyPRM,30,1,0.04979640000965446,112,8,26.23894178451324,1188,37,
Nested Trap,LazyPRM,31,1,0.04550639999797568,106,9,26.625181968726924,1096,41,
Nested Trap,LazyPRM,32,1,0.03990989999147132,104,9,28.252140259600495,915,34,
Nested Trap,LazyPRM,33,1,0.10026189999189228,150,10,37.28032567703796,2424,96,
Nested Trap,LazyPRM,34,1,0.11280690002604388,119,9,35.55599806460247,2830,102,
Nested Trap,LazyPRM,35,1,0.06495140001061372,101,10,34.598918380984585,1625,58,
Nested Trap,LazyPRM,36,1,0.06928189998143353,104,9,28.996306355414674,1754,64,
Nested Trap,LazyPRM,37,1,0.07313760000397451,95,12,37.71047032962891,1857,68,
Nested Trap,LazyPRM,38,1,0.08393680001609027,100,10,34.8072940337301,2139,86,
Nested Trap,LazyPRM,39,1,0.15220520002185367,164,8,28.537352494616602,3828,138,
Nested Trap,LazyPRM,40,1,0.032190199999604374,113,8,25.441011218934232,721,24,
Nested Trap,LazyPRM,41,1,0.051948700012871996,102,9,27.948744456945285,1267,45,
Nested Trap,LazyPRM,42,1,0.03287490000366233,112,7,24.767674922163277,757,26,
Nested Trap,LazyPRM,43,1,0.06403899998986162,101,9,27.280360369193296,1543,57,
Nested Trap,LazyPRM,44,1,0.11687269998947158,128,11,35.47837554478881,2866,104,
Nested Trap,LazyPRM,45,1,0.05800770001951605,99,9,32.68992058693861,1430,52,
Nested Trap,LazyPRM,46,1,0.03521320002619177,104,9,27.157173060184622,814,27,
Nested Trap,LazyPRM,47,1,0.048339500004658476,92,12,42.42356622886957,1165,36,
Nested Trap,LazyPRM,48,1,0.079384199983906,151,10,26.889042463866424,1880,74,
Nested Trap,LazyPRM,49,1,0.06391319999238476,90,11,41.70918844707268,1551,45,
Nested Trap,BasicPRM,0,1,0.6866855999978725,252,16,41.787740266314486,11071,302,
Nested Trap,BasicPRM,1,1,0.6863744000147562,252,17,44.107025644346585,11015,303,
Nested Trap,BasicPRM,2,1,1.2045906000130344,252,18,50.76854368539855,11058,309,
Nested Trap,BasicPRM,3,1,0.685988700017333,252,16,43.0796345126013,11031,307,
Nested Trap,BasicPRM,4,1,0.7053429000079632,252,19,47.125314286086834,11088,307,
Nested Trap,BasicPRM,5,1,0.6943613000039477,252,20,51.739604393316164,11215,309,
Nested Trap,BasicPRM,6,1,0.6916628999751993,252,16,37.545159027025925,10958,295,
Nested Trap,BasicPRM,7,1,0.7042166999890469,252,21,57.38560888839745,11349,334,
Nested Trap,BasicPRM,8,1,0.6808002000034321,252,16,41.986740999466036,10776,278,
Nested Trap,BasicPRM,9,1,0.6799710000050254,252,18,46.781312061960634,10883,291,
Nested Trap,BasicPRM,10,1,0.7043838999816217,252,17,42.71366920270547,11273,320,
Nested Trap,BasicPRM,11,1,0.6933275999908801,252,26,67.58722314054641,11117,322,
Nested Trap,BasicPRM,12,0,0.6922382000193466,252,0,0.0,11080,311,
Nested Trap,BasicPRM,13,1,0.6973270000016782,252,12,32.534882418067006,11247,321,
Nested Trap,BasicPRM,14,1,0.7063472000008915,252,19,54.07518691976621,10919,307,
Nested Trap,BasicPRM,15,1,0.6807623000058811,252,21,60.35452152860936,10919,291,
Nested Trap,BasicPRM,16,1,0.6946125999966171,252,17,47.91745281190269,11189,305,
Nested Trap,BasicPRM,17,1,0.6958438000001479,252,17,46.76848602742618,11054,302,
Nested Trap,BasicPRM,18,0,1.2414903999888338,252,0,0.0,10936,295,
Nested Trap,BasicPRM,19,1,0.7292293999926187,252,17,42.104453856636816,10906,278,
Nested Trap,BasicPRM,20,1,0.727962100005243,252,22,57.13987478758077,10982,285,
Nested Trap,BasicPRM,21,1,0.7367612000089139,252,15,35.785939283944934,11140,305,
Nested Trap,BasicPRM,22,1,0.7568926000094507,252,15,37.62451575577063,11172,306,
Nested Trap,BasicPRM,23,1,0.6932228999794461,252,16,41.92881889279865,11252,327,
Nested Trap,BasicPRM,24,1,0.7218819999834523,252,12,31.1973939994987,10780,293,
Nested Trap,BasicPRM,25,1,0.7309825000120327,252,19,50.06632345491348,10979,295,
Nested Trap,BasicPRM,26,1,0.6838232000009157,252,21,46.91841385953101,10979,294,
Nested Trap,BasicPRM,27,1,0.67482139999629,252,13,34.52106650676353,10894,289,
Nested Trap,BasicPRM,28,1,0.7185395999986213,252,15,46.07329121718564,11039,308,
Nested Trap,BasicPRM,29,1,0.7193626000080258,252,19,45.662377560873765,11043,307,
Nested Trap,BasicPRM,30,0,0.7604308000009041,252,0,0.0,11052,319,
Nested Trap,BasicPRM,31,1,0.7524252000148408,252,13,35.3095243756987,11414,333,
Nested Trap,BasicPRM,32,1,0.7639799000171479,252,17,42.406546191879414,10906,287,
Nested Trap,BasicPRM,33,1,0.7338830000080634,252,18,42.63341610720787,11119,320,
Nested Trap,BasicPRM,34,1,1.2513610000023618,252,17,47.97363741328032,11055,295,
Nested Trap,BasicPRM,35,0,0.7292468000086956,252,0,0.0,10930,287,
Nested Trap,BasicPRM,36,0,0.7278435000043828,252,0,0.0,11289,323,
Nested Trap,BasicPRM,37,0,0.7078265000018291,252,0,0.0,11197,316,
Nested Trap,BasicPRM,38,1,0.693292800016934,252,16,40.30710141558491,10929,291,
Nested Trap,BasicPRM,39,1,0.7078400999889709,252,16,46.782171247822674,11460,336,
Nested Trap,BasicPRM,40,1,0.7140119999821763,252,11,29.106929358083203,10868,290,
Nested Trap,BasicPRM,41,0,0.7291274999734014,252,0,0.0,11065,311,
Nested Trap,BasicPRM,42,1,0.7085581000137608,252,16,45.53440466498088,11068,311,
Nested Trap,BasicPRM,43,1,0.7211611999955494,252,12,30.75299586588015,10933,299,
Nested Trap,BasicPRM,44,1,0.7148613999888767,252,16,37.77356231091074,11123,300,
Nested Trap,BasicPRM,45,1,0.7071979000174906,252,18,48.43098791880048,11304,320,
Nested Trap,BasicPRM,46,1,0.6901201000146102,252,17,46.13876257974272,11064,325,
Nested Trap,BasicPRM,47,1,0.7019531999831088,252,12,31.68447731539692,10978,308,
Nested Trap,BasicPRM,48,1,0.7112352999974973,252,17,44.976168784528376,11255,321,
Nested Trap,BasicPRM,49,1,1.231147400016198,252,35,93.09653103983464,11050,288,
Nested Trap,VisibilityPRM,0,1,0.5166390000085812,15,8,35.46391116511388,15893,776,
Nested Trap,VisibilityPRM,1,1,0.41030019999016076,15,8,39.233760832885636,12550,636,
Nested Trap,VisibilityPRM,2,1,0.48799520000466146,15,13,112.73962172469065,15083,691,
Nested Trap,VisibilityPRM,3,1,0.32801409999956377,13,8,48.20269570925588,10350,497,
Nested Trap,VisibilityPRM,4,1,0.5201965000014752,15,8,43.40171156127556,16152,843,
Nested Trap,VisibilityPRM,5,1,0.36835259999497794,15,9,43.964789198509344,11352,528,
Nested Trap,VisibilityPRM,6,0,0.7875852000142913,14,0,0.0,24155,1237,
Nested Trap,VisibilityPRM,7,1,0.47820849998970516,13,8,42.83686045699229,14520,686,
Nested Trap,VisibilityPRM,8,1,0.8259165000054054,19,8,43.50337411757751,24987,1228,
Nested Trap,VisibilityPRM,9,1,0.620394400000805,15,8,38.120699185592485,19176,953,
Nested Trap,VisibilityPRM,10,1,0.39095329999690875,15,8,48.8338199271196,12113,596,
Nested Trap,VisibilityPRM,11,1,1.316776799998479,17,8,48.10338769961533,24796,1260,
Nested Trap,VisibilityPRM,12,1,0.5045922000135761,15,10,62.99666618552586,15432,773,
Nested Trap,VisibilityPRM,13,1,0.6389104000118095,17,8,36.88068145381948,19278,967,
Nested Trap,VisibilityPRM,14,1,0.5925008999765851,17,8,37.042943616597725,17873,915,
Nested Trap,VisibilityPRM,15,1,0.36097810001228936,15,9,48.499170172965876,11012,496,
Nested Trap,VisibilityPRM,16,1,0.5617230999923777,19,8,40.98977918266246,17209,890,
Nested Trap,VisibilityPRM,17,1,0.4269835999875795,15,9,41.83256196406669,13336,707,
Nested Trap,VisibilityPRM,18,1,0.4092042999982368,15,8,32.1405849669345,12748,608,
Nested Trap,VisibilityPRM,19,1,0.42232709997915663,15,12,67.06113349606196,13160,677,
Nested Trap,VisibilityPRM,20,1,0.4640359000186436,15,8,52.80137866861093,14625,804,
Nested Trap,VisibilityPRM,21,1,0.5290401999955066,15,8,34.383773584725084,16538,822,
Nested Trap,VisibilityPRM,22,1,0.425483200000599,15,6,32.69668312191477,13041,637,
Nested Trap,VisibilityPRM,23,1,0.4648307999887038,15,8,41.466431180369774,14573,712,
Nested Trap,VisibilityPRM,24,1,0.8113971000129823,17,8,42.86625298322043,24324,1319,
Nested Trap,VisibilityPRM,25,1,0.3957319000037387,15,8,40.300165424675285,12144,644,
Nested Trap,VisibilityPRM,26,1,0.5570384999737144,17,8,46.92570298778689,17353,810,
Nested Trap,VisibilityPRM,27,1,0.42934810000588186,17,9,57.084317461669265,13429,718,
Nested Trap,VisibilityPRM,28,1,0.5643953999970108,17,8,48.105522290872315,17167,894,
Nested Trap,VisibilityPRM,29,1,0.59265229999437,17,6,37.119811066741086,18302,972,
Nested Trap,VisibilityPRM,30,0,0.5703249000071082,12,0,0.0,17222,943,
Nested Trap,VisibilityPRM,31,1,0.5924514000071213,15,8,36.8272749854561,17835,828,
Nested Trap,VisibilityPRM,32,1,0.5056442999921273,13,8,56.23270382945519,15339,718,
Nested Trap,VisibilityPRM,33,1,0.5952670999977272,15,6,30.18130440793046,18567,954,
Nested Trap,VisibilityPRM,34,1,0.5278687999816611,17,8,54.24485918983027,16310,864,
Nested Trap,VisibilityPRM,35,1,0.7767476000008173,17,10,53.351745990638285,24003,1209,
Nested Trap,VisibilityPRM,36,1,0.43628339999122545,15,6,26.77967460890679,13375,645,
Nested Trap,VisibilityPRM,37,1,0.3743735999742057,15,10,58.781405999134805,11393,555,
Nested Trap,VisibilityPRM,38,1,0.42423959998995997,17,8,43.39138809941404,13158,688,
Nested Trap,VisibilityPRM,39,1,0.5229533000092488,17,7,41.9862425765298,16221,761,
Nested Trap,VisibilityPRM,40,1,0.3762660000065807,15,7,35.79441797404385,11850,608,
Nested Trap,VisibilityPRM,41,1,0.35727619999670424,15,8,36.589817866036746,11065,566,
Nested Trap,VisibilityPRM,42,1,0.4927983999950811,15,8,42.83924734364782,14756,731,
Nested Trap,VisibilityPRM,43,1,0.3659539000072982,13,8,50.232771158891836,11063,535,
Nested Trap,VisibilityPRM,44,1,0.794627399998717,15,8,30.59474172850876,24311,1145,
Nested Trap,VisibilityPRM,45,1,0.3910392999823671,13,6,41.58392365712764,11893,582,
Nested Trap,VisibilityPRM,46,1,0.8945800999936182,15,10,58.02033539204753,12076,593,
Nested Trap,VisibilityPRM,47,1,0.5919948999944609,19,8,51.175801678938846,18288,957,
Nested Trap,VisibilityPRM,48,1,0.4744778000167571,17,8,48.64992504768804,14639,802,
Nested Trap,VisibilityPRM,49,1,0.40005620001466013,15,8,45.88396349263924,12509,662,
Nested Trap,RRT,0,1,0.12916250000125729,41,14,41.84375211336389,3171,196,
Nested Trap,RRT,1,1,0.11594720001448877,41,14,39.67695950186071,2968,154,
Nested Trap,RRT,2,1,0.13991229998646304,51,9,27.79070488240583,3479,216,
Nested Trap,RRT,3,1,0.20779089999268763,61,13,40.26489857551739,5195,327,
Nested Trap,RRT,4,1,0.05275269999401644,21,9,38.66983627861543,1373,65,
Nested Trap,RRT,5,1,0.20035839997581206,71,13,44.84740192373843,4918,306,
Nested Trap,RRT,6,1,0.18938100000377744,61,12,43.78570871536705,4618,269,
Nested Trap,RRT,7,1,0.06191670001135208,21,10,40.66660741218516,1578,81,
Nested Trap,RRT,8,1,0.08299769999575801,21,7,26.759228090062635,1958,118,
Nested Trap,RRT,9,1,0.238138099986827,71,11,27.644454937771528,5841,365,
Nested Trap,RRT,10,1,0.06955179999931715,21,6,25.764529145007806,1822,90,
Nested Trap,RRT,11,1,0.15086379999411292,61,14,45.29165859711353,3779,233,
Nested Trap,RRT,12,1,0.18288330000359565,61,11,32.13327293899067,4573,246,
Nested Trap,RRT,13,1,0.08763059999910183,31,8,35.85052933592673,2155,119,
Nested Trap,RRT,14,1,0.14780869998503476,41,12,40.7373054979158,3295,205,
Nested Trap,RRT,15,1,0.20337870001094416,71,15,43.59592716125179,4925,308,
Nested Trap,RRT,16,1,0.028176799998618662,11,9,42.91977394128604,751,32,
Nested Trap,RRT,17,1,0.14077229998656549,51,11,28.282233087617154,3529,217,
Nested Trap,RRT,18,1,0.07904319997760467,31,10,42.487651936895865,2036,110,
Nested Trap,RRT,19,1,0.08048259999486618,31,11,32.383811568411,2093,104,
Nested Trap,RRT,20,1,0.1246703999931924,41,13,32.1063789393501,3107,160,
Nested Trap,RRT,21,1,0.26466739998431876,71,15,42.41513608004256,5851,388,
Nested Trap,RRT,22,1,0.13036509999074042,51,10,35.96794422172395,3068,146,
Nested Trap,RRT,23,1,0.0796732000017073,21,8,29.415975407673844,1931,137,
Nested Trap,RRT,24,1,0.2552871000079904,101,16,46.80745564359432,6111,331,
Nested Trap,RRT,25,1,0.12090739997802302,31,10,40.22263908507276,2853,197,
Nested Trap,RRT,26,1,0.07270280001102947,21,11,36.9105104534545,1821,102,
Nested Trap,RRT,27,1,0.07951999999932013,31,8,34.41601419760053,2042,96,
Nested Trap,RRT,28,1,0.19988530001137406,71,12,44.79224756970883,4732,323,
Nested Trap,RRT,29,1,0.0480948000040371,21,8,38.709968446114274,1237,65,
Nested Trap,RRT,30,1,0.15859109998564236,51,13,43.82831405696864,3919,252,
Nested Trap,RRT,31,1,0.26460039999801666,91,11,29.27916633177013,6369,440,
Nested Trap,RRT,32,1,0.0880495999881532,31,10,30.380845558641635,2290,111,
Nested Trap,RRT,33,1,0.13847249999525957,41,14,30.18958736062634,3505,214,
Nested Trap,RRT,34,1,0.08143009999184869,31,10,37.468751681717656,2117,103,
Nested Trap,RRT,35,1,0.14442789999884553,51,11,39.632002547292764,3652,212,
Nested Trap,RRT,36,1,0.09804100001929328,41,10,39.71211140326974,2553,111,
Nested Trap,RRT,37,1,0.10818739997921512,41,9,29.312969016367692,2708,148,
Nested Trap,RRT,38,1,0.1967257999931462,61,13,33.04365794697171,4898,300,
Nested Trap,RRT,39,1,0.11637930001597852,31,10,41.02922761213249,2950,169,
Nested Trap,RRT,40,1,0.09967670001788065,31,11,36.24520780744505,2559,135,
Nested Trap,RRT,41,1,0.10457550000865012,31,8,27.238180127903654,2606,142,
Nested Trap,RRT,42,1,0.17357330000959337,61,9,40.01071068384102,4224,243,
Nested Trap,RRT,43,1,0.12637400001403876,41,8,27.621055200129796,3054,183,
Nested Trap,RRT,44,1,0.25512950000120327,81,16,37.270863583716206,6256,406,
Nested Trap,RRT,45,1,0.11162809998495504,41,11,32.4915908033744,2813,171,
Nested Trap,RRT,46,1,0.0510636999970302,21,10,40.211536748436764,1303,67,
Nested Trap,RRT,47,1,0.10346610000124201,31,12,37.68148946425232,2641,126,
Nested Trap,RRT,48,1,0.22360570001183078,71,12,41.47038977076128,5530,356,
Nested Trap,RRT,49,1,0.17127019999315962,51,9,25.828030850187957,4227,273,
Zigzag Traps,LazyPRM,0,1,0.03917380000348203,104,12,42.33631824052951,1639,53,
Zigzag Traps,LazyPRM,1,1,0.041512099996907637,105,10,49.01990326285907,1803,60,
Zigzag Traps,LazyPRM,2,1,0.03293319998192601,111,11,40.30969523426485,1351,41,
Zigzag Traps,LazyPRM,3,1,0.0392046999768354,93,10,41.86777146458312,1623,48,
Zigzag Traps,LazyPRM,4,1,0.0305242000031285,101,11,51.115545533864555,1276,34,
Zigzag Traps,LazyPRM,5,1,0.030054000002564862,103,11,46.321417450577805,1234,35,
Zigzag Traps,LazyPRM,6,1,0.03787410000222735,99,9,50.336763583503206,1589,46,
Zigzag Traps,LazyPRM,7,1,0.031093700003111735,107,12,46.634983514194325,1243,40,
Zigzag Traps,LazyPRM,8,1,0.03930140001466498,104,12,45.613793007128336,1629,49,
Zigzag Traps,LazyPRM,9,1,0.03264170000329614,104,11,40.72858746318482,1209,35,
Zigzag Traps,LazyPRM,10,1,0.029801299999235198,94,11,45.30486960297208,1133,30,
Zigzag Traps,LazyPRM,11,1,0.03333580002072267,102,11,40.745694756437956,1367,43,
Zigzag Traps,LazyPRM,12,1,0.03398659999947995,105,11,48.81531068383852,1191,35,
Zigzag Traps,LazyPRM,13,1,0.05066750000696629,104,12,49.12807332321942,2140,73,
Zigzag Traps,LazyPRM,14,1,0.036443899996811524,106,11,41.67268314562592,1461,46,
Zigzag Traps,LazyPRM,15,1,0.02124030000413768,109,12,39.40353282540303,793,22,
Zigzag Traps,LazyPRM,16,1,0.03478019998874515,100,11,44.52168360794485,1374,47,
Zigzag Traps,LazyPRM,17,1,0.03432839998276904,109,10,47.912376586988856,1449,43,
Zigzag Traps,LazyPRM,18,1,0.03858200000831857,109,11,43.253750205768505,1523,53,
Zigzag Traps,LazyPRM,19,1,0.02851959998952225,101,10,47.80241620070934,1126,34,
Zigzag Traps,LazyPRM,20,1,0.03803080000216141,104,11,45.66834583018633,1548,45,
Zigzag Traps,LazyPRM,21,1,0.04594780001207255,106,11,46.53774966570371,1941,59,
Zigzag Traps,LazyPRM,22,1,0.040710900007979944,109,11,46.3863579073366,1724,53,
Zigzag Traps,LazyPRM,23,1,0.02903349997359328,100,10,41.754442303681444,1072,34,
Zigzag Traps,LazyPRM,24,1,0.03685940001741983,105,12,47.03304830786433,1570,43,
Zigzag Traps,LazyPRM,25,1,0.023303900001337752,106,10,47.345656979847014,863,25,
Zigzag Traps,LazyPRM,26,1,0.038639300008071586,101,11,46.34744083044508,1589,47,
Zigzag Traps,LazyPRM,27,1,0.04379130000597797,114,10,50.09439369359015,1824,60,
Zigzag Traps,LazyPRM,28,1,0.06217270001070574,104,11,45.62705180016445,2194,64,
Zigzag Traps,LazyPRM,29,1,0.05333659998723306,101,11,45.05580242510761,1533,51,
Zigzag Traps,LazyPRM,30,1,0.044290400022873655,102,12,45.19950528661541,1647,49,
Zigzag Traps,LazyPRM,31,1,0.04018660000292584,112,10,44.87037382917847,1661,51,
Zigzag Traps,LazyPRM,32,1,0.038800999987870455,108,11,46.84021164940431,1494,52,
Zigzag Traps,LazyPRM,33,1,0.02580070000840351,112,10,42.247657761178225,967,25,
Zigzag Traps,LazyPRM,34,1,0.04015590000199154,111,10,41.765821355321066,1598,53,
Zigzag Traps,LazyPRM,35,1,0.05830110001261346,102,11,45.748809175235806,2209,75,
Zigzag Traps,LazyPRM,36,1,0.03183520000311546,103,10,40.924177794755636,1221,36,
Zigzag Traps,LazyPRM,37,1,0.022521499980939552,110,10,41.47453548550613,852,24,
Zigzag Traps,LazyPRM,38,1,0.03746530000353232,110,11,50.16896718724822,1551,44,
Zigzag Traps,LazyPRM,39,1,0.050302699994063005,104,11,50.68398604489832,2045,61,
Zigzag Traps,LazyPRM,40,1,0.041202600026736036,111,12,43.476021140849426,1689,53,
Zigzag Traps,LazyPRM,41,1,0.04225430000224151,105,12,46.74721258710887,1758,53,
Zigzag Traps,LazyPRM,42,1,0.046222600009059533,103,12,44.650446428259855,1856,54,
Zigzag Traps,LazyPRM,43,1,0.039631999999983236,108,10,55.57284580549346,1615,57,
Zigzag Traps,LazyPRM,44,1,0.05892930002301,104,12,45.692168578550756,2586,80,
Zigzag Traps,LazyPRM,45,1,0.0476753999828361,103,11,50.09731342502607,2053,68,
Zigzag Traps,LazyPRM,46,1,0.022862000012537464,102,11,52.74592779024163,869,24,
Zigzag Traps,LazyPRM,47,1,0.047265600005630404,107,11,42.88783929679345,1895,70,
Zigzag Traps,LazyPRM,48,1,0.03451229998609051,107,11,48.066416240645474,1423,39,
Zigzag Traps,LazyPRM,49,1,0.03846509999129921,99,11,47.3089050139358,1674,48,
Zigzag Traps,BasicPRM,0,1,0.5340509000234306,252,27,77.23415887332106,10933,287,
Zigzag Traps,BasicPRM,1,1,0.5535333000007086,252,25,72.48596621656583,10872,280,
Zigzag Traps,BasicPRM,2,0,0.5629160999960732,252,0,0.0,10795,301,
Zigzag Traps,BasicPRM,3,1,0.5866943000000902,252,25,68.61977836212952,11201,317,
Zigzag Traps,BasicPRM,4,0,0.5736294999951497,252,0,0.0,11114,303,
Zigzag Traps,BasicPRM,5,1,0.542641400010325,252,22,62.13784470484436,11063,316,
Zigzag Traps,BasicPRM,6,1,0.5460027000226546,252,20,52.97766850089595,11278,326,
Zigzag Traps,BasicPRM,7,1,0.541464999987511,252,21,56.97370063027975,10864,298,
Zigzag Traps,BasicPRM,8,1,0.5345903999987058,252,23,62.481917891663514,10863,290,
Zigzag Traps,BasicPRM,9,1,0.5318350000015926,252,23,66.20835477871826,10847,293,
Zigzag Traps,BasicPRM,10,1,0.5401639999763574,252,22,57.90262034956689,11135,321,
Zigzag Traps,BasicPRM,11,1,0.5317266999918502,252,21,50.94760963575697,10812,269,
Zigzag Traps,BasicPRM,12,1,1.0254410000052303,252,21,55.69951819028486,10968,295,
Zigzag Traps,BasicPRM,13,0,0.5372262000164483,252,0,0.0,10855,302,
Zigzag Traps,BasicPRM,14,1,0.5740995999949519,252,21,54.792670950619296,11249,306,
Zigzag Traps,BasicPRM,15,1,0.5654253000102472,252,18,50.24486192522806,11203,314,
Zigzag Traps,BasicPRM,16,1,0.5431087999895681,252,22,59.422175103198526,11060,306,
Zigzag Traps,BasicPRM,17,1,0.5407263999804854,252,22,58.593554506953296,10929,300,
Zigzag Traps,BasicPRM,18,1,0.5792494000052102,252,27,71.84421392768962,11477,333,
Zigzag Traps,BasicPRM,19,1,0.5914794999989681,252,25,64.64279392016924,11289,312,
Zigzag Traps,BasicPRM,20,1,0.5834152000024915,252,22,56.50477412104205,11136,314,
Zigzag Traps,BasicPRM,21,1,0.5564958000031766,252,23,56.044662934338945,11061,312,
Zigzag Traps,BasicPRM,22,0,0.5374586999823805,252,0,0.0,10767,284,
Zigzag Traps,BasicPRM,23,1,0.5634532999829389,252,20,52.66662032759114,11296,339,
Zigzag Traps,BasicPRM,24,0,0.5709042000235058,252,0,0.0,10727,272,
Zigzag Traps,BasicPRM,25,1,0.5488080000213813,252,22,59.692188410572214,10862,281,
Zigzag Traps,BasicPRM,26,1,0.5414356000255793,252,21,57.02535483197696,11133,308,
Zigzag Traps,BasicPRM,27,1,0.5792154000082519,252,20,54.41570191285922,10967,298,
Zigzag Traps,BasicPRM,28,0,1.0627185000048485,252,0,0.0,11162,311,
Zigzag Traps,BasicPRM,29,1,0.5572334000025876,252,21,56.81685192364937,10679,267,
Zigzag Traps,BasicPRM,30,1,0.6039777000260074,252,21,62.78415016964495,11269,312,
Zigzag Traps,BasicPRM,31,1,0.5785707000177354,252,20,55.3905112921935,11648,352,
Zigzag Traps,BasicPRM,32,1,0.5407038000121247,252,22,56.56356218096572,11033,298,
Zigzag Traps,BasicPRM,33,1,0.558509900001809,252,21,58.17293470462832,11017,299,
Zigzag Traps,BasicPRM,34,1,0.5619909000233747,252,25,67.54185975012605,10962,294,
Zigzag Traps,BasicPRM,35,1,0.5883984999964014,252,22,58.145649937673355,11133,318,
Zigzag Traps,BasicPRM,36,0,0.5357474999909755,252,0,0.0,10890,284,
Zigzag Traps,BasicPRM,37,1,0.5620276999834459,252,23,62.12517214032624,10933,305,
Zigzag Traps,BasicPRM,38,1,0.5421309000230394,252,23,62.80069339598396,11012,311,
Zigzag Traps,BasicPRM,39,1,0.5480990000069141,252,28,77.05358583069663,11021,328,
Zigzag Traps,BasicPRM,40,1,0.5372272000240628,252,18,51.34412333715699,10942,314,
Zigzag Traps,BasicPRM,41,1,0.5388897999946494,252,20,56.826201458591214,10860,297,
Zigzag Traps,BasicPRM,42,1,0.5406594000232872,252,26,63.49806280709101,11117,305,
Zigzag Traps,BasicPRM,43,1,1.068350100016687,252,24,62.458625053830545,10775,287,
Zigzag Traps,BasicPRM,44,0,0.5972667000023648,252,0,0.0,10815,298,
Zigzag Traps,BasicPRM,45,1,0.5556631999788806,252,23,61.02391026858282,11090,301,
Zigzag Traps,BasicPRM,46,1,0.5705919000029098,252,19,50.79503641612509,10865,290,
Zigzag Traps,BasicPRM,47,1,0.5729663000092842,252,21,52.52651140155965,10917,301,
Zigzag Traps,BasicPRM,48,1,0.5682612999808043,252,20,54.20803494891414,11050,294,
Zigzag Traps,BasicPRM,49,1,0.5791974999883678,252,20,58.17445852140607,10957,301,
Zigzag Traps,VisibilityPRM,0,0,0.3356165000004694,13,0,0.0,16961,871,
Zigzag Traps,VisibilityPRM,1,0,0.351136499986751,13,0,0.0,18460,939,
Zigzag Traps,VisibilityPRM,2,1,0.3471498999861069,14,7,49.19792297872493,17715,882,
Zigzag Traps,VisibilityPRM,3,1,0.33069539998541586,13,7,49.95714254879992,16828,880,
Zigzag Traps,VisibilityPRM,4,1,0.336473900009878,14,7,52.916720034155965,17046,881,
Zigzag Traps,VisibilityPRM,5,1,1.164905700017698,16,7,54.805068656453926,35197,1804,
Zigzag Traps,VisibilityPRM,6,1,0.5129458000010345,14,7,44.53016057473248,26549,1332,
Zigzag Traps,VisibilityPRM,7,0,0.38249489999725483,13,0,0.0,20061,985,
Zigzag Traps,VisibilityPRM,8,1,0.46919299999717623,14,7,51.443925939103835,24504,1265,
Zigzag Traps,VisibilityPRM,9,0,0.34500820000539534,13,0,0.0,17577,874,
Zigzag Traps,VisibilityPRM,10,1,0.4230565000034403,14,5,43.32838123038905,21642,1105,
Zigzag Traps,VisibilityPRM,11,1,0.3465421999862883,12,5,44.19531403009886,17214,815,
Zigzag Traps,VisibilityPRM,12,1,0.26308960001915693,12,7,48.7392893216936,13790,659,
Zigzag Traps,VisibilityPRM,13,0,0.9031136000121478,13,0,0.0,19646,969,
Zigzag Traps,VisibilityPRM,14,0,0.34489929999108426,13,0,0.0,17798,907,
Zigzag Traps,VisibilityPRM,15,0,0.48928369997884147,15,0,0.0,25655,1315,
Zigzag Traps,VisibilityPRM,16,1,0.3159995999885723,12,7,48.60987058934717,16491,790,
Zigzag Traps,VisibilityPRM,17,0,0.38472629999159835,13,0,0.0,20004,1005,
Zigzag Traps,VisibilityPRM,18,1,0.46006599999964237,16,7,68.73241889331715,23707,1246,
Zigzag Traps,VisibilityPRM,19,1,0.4348210000025574,14,7,45.23695586354574,22495,1090,
Zigzag Traps,VisibilityPRM,20,1,0.3317733000149019,12,7,49.83607584215581,17609,879,
Zigzag Traps,VisibilityPRM,21,0,0.33092529998975806,11,0,0.0,17424,880,
Zigzag Traps,VisibilityPRM,22,1,0.8502986999810673,14,7,50.169863629964134,17732,913,
Zigzag Traps,VisibilityPRM,23,1,0.31164169998373836,14,7,41.91412858350701,16319,860,
Zigzag Traps,VisibilityPRM,24,0,0.36391980000189506,11,0,0.0,19088,933,
Zigzag Traps,VisibilityPRM,25,1,0.3751578999799676,14,7,43.738627789431035,19395,957,
Zigzag Traps,VisibilityPRM,26,0,0.40803700001561083,13,0,0.0,20811,1041,
Zigzag Traps,VisibilityPRM,27,1,0.5403300999896601,14,7,45.2937917618034,28104,1445,
Zigzag Traps,VisibilityPRM,28,0,0.3553195999993477,13,0,0.0,18573,909,
Zigzag Traps,VisibilityPRM,29,0,0.500447800004622,13,0,0.0,26476,1327,
Zigzag Traps,VisibilityPRM,30,1,0.4486185999994632,16,9,56.95546605969607,23180,1221,
Zigzag Traps,VisibilityPRM,31,0,0.9491788000159431,15,0,0.0,21827,1202,
Zigzag Traps,VisibilityPRM,32,0,0.4030812999990303,13,0,0.0,20742,1056,
Zigzag Traps,VisibilityPRM,33,1,0.2809795000066515,12,9,66.51958407775612,14597,721,
Zigzag Traps,VisibilityPRM,34,0,0.3129138999793213,11,0,0.0,16287,787,
Zigzag Traps,VisibilityPRM,35,1,0.3321296999929473,12,7,44.994064820214405,17155,874,
Zigzag Traps,VisibilityPRM,36,0,0.45883330001379363,13,0,0.0,24541,1198,
Zigzag Traps,VisibilityPRM,37,0,0.4668598999851383,13,0,0.0,23338,1171,
Zigzag Traps,VisibilityPRM,38,1,0.28027129999827594,12,7,48.94349126202737,14213,679,
Zigzag Traps,VisibilityPRM,39,1,0.34527610000805,14,5,54.86370337238192,17817,910,
Zigzag Traps,VisibilityPRM,40,0,0.40330840001115575,13,0,0.0,21175,1026,
Zigzag Traps,VisibilityPRM,41,1,0.3479978000104893,14,5,41.857750492953485,18281,963,
Zigzag Traps,VisibilityPRM,42,1,0.39643389999400824,14,5,44.32959953161485,20729,1013,
Zigzag Traps,VisibilityPRM,43,1,0.326462899975013,12,7,45.050666853692164,16607,821,
Zigzag Traps,VisibilityPRM,44,1,0.36486520001199096,14,7,52.28478605611723,18692,957,
Zigzag Traps,VisibilityPRM,45,0,0.32791170000564307,13,0,0.0,16871,860,
Zigzag Traps,VisibilityPRM,46,0,0.48100470000645146,13,0,0.0,25408,1224,
Zigzag Traps,VisibilityPRM,47,1,0.4818049000168685,12,7,44.38733428705117,25277,1203,
Zigzag Traps,VisibilityPRM,48,0,0.3776062000251841,13,0,0.0,19722,979,
Zigzag Traps,VisibilityPRM,49,1,0.8590725999965798,14,7,50.90206535135493,17383,888,
Zigzag Traps,RRT,0,1,0.011320199992042035,11,5,47.00988732624469,506,16,
Zigzag Traps,RRT,1,1,0.04373070001020096,41,13,61.32762037028972,2005,64,
Zigzag Traps,RRT,2,1,0.011205099988728762,11,6,46.12123887801243,531,16,
Zigzag Traps,RRT,3,1,0.01175949999014847,11,7,47.670287404631466,550,16,
Zigzag Traps,RRT,4,1,0.013526999973692,11,6,42.654589855842254,603,25,
Zigzag Traps,RRT,5,1,0.010737800010247156,11,6,48.3683288817116,494,14,
Zigzag Traps,RRT,6,1,0.010705799999414012,11,8,49.3066366466146,492,16,
Zigzag Traps,RRT,7,1,0.014174099982483312,11,6,45.920923505131356,629,25,
Zigzag Traps,RRT,8,1,0.00995479998528026,11,7,44.141100323756305,468,14,
Zigzag Traps,RRT,9,1,0.020645799988415092,21,8,46.17236625201471,950,32,
Zigzag Traps,RRT,10,1,0.012521700002253056,11,8,55.087428841773324,589,18,
Zigzag Traps,RRT,11,1,0.010064100002637133,11,6,37.95249156630705,478,13,
Zigzag Traps,RRT,12,1,0.020382699993206188,21,7,43.16443355741034,961,28,
Zigzag Traps,RRT,13,1,0.009408999991137534,11,7,51.757001918192955,456,12,
Zigzag Traps,RRT,14,1,0.010256699984893203,11,5,48.01183853546289,499,14,
Zigzag Traps,RRT,15,1,0.02089490002254024,21,7,39.55446998313322,947,31,
Zigzag Traps,RRT,16,1,0.010820800001965836,11,5,44.499749870828545,520,15,
Zigzag Traps,RRT,17,1,0.011240299994824454,11,6,47.82842142684199,510,17,
Zigzag Traps,RRT,18,1,0.03318450000369921,31,15,64.02741262211578,1433,59,
Zigzag Traps,RRT,19,1,0.010697999998228624,11,5,42.065364486255596,489,15,
Zigzag Traps,RRT,20,1,0.042888600000878796,41,11,61.295766920444436,1919,72,
Zigzag Traps,RRT,21,1,0.012068299984093755,11,7,50.026883230790474,592,20,
Zigzag Traps,RRT,22,1,0.010443400009535253,11,6,40.508418612725464,513,18,
Zigzag Traps,RRT,23,1,0.02217529999325052,21,8,44.46369538042859,1067,33,
Zigzag Traps,RRT,24,1,0.010979299986502156,11,5,44.04635844785105,539,17,
Zigzag Traps,RRT,25,1,0.02178559999447316,21,8,47.52170457806528,1031,36,
Zigzag Traps,RRT,26,1,0.00951480001094751,11,5,45.18468632074113,471,13,
Zigzag Traps,RRT,27,1,0.009804000001167879,11,9,50.72545580485777,488,15,
Zigzag Traps,RRT,28,1,0.019932800001697615,21,8,50.888345647939914,984,33,
Zigzag Traps,RRT,29,1,0.01099199999589473,11,7,45.37658183734173,530,19,
Zigzag Traps,RRT,30,1,0.021566900017205626,21,9,47.56590130825786,1017,38,
Zigzag Traps,RRT,31,1,0.031984300003387034,31,10,45.17237279980078,1522,54,
Zigzag Traps,RRT,32,1,0.011316999996779487,11,5,49.96674110279701,530,19,
Zigzag Traps,RRT,33,1,0.010413000010885298,11,7,46.047268048019895,492,18,
Zigzag Traps,RRT,34,1,0.010523299977649003,11,6,48.13841243739229,528,17,
Zigzag Traps,RRT,35,1,0.019842100009554997,21,7,48.15245417952664,959,32,
Zigzag Traps,RRT,36,1,0.011352899979101494,11,5,44.78826199368936,534,18,
Zigzag Traps,RRT,37,1,0.008794099994702265,11,6,42.24452948570456,430,11,
Zigzag Traps,RRT,38,1,0.009713700012071058,11,5,40.97565378500024,484,13,
Zigzag Traps,RRT,39,1,0.008990200003609061,11,5,46.16970934463532,451,12,
Zigzag Traps,RRT,40,1,0.022100300004240125,21,7,45.710069145483814,1033,38,
Zigzag Traps,RRT,41,1,0.020047300000442192,21,7,43.37586971618353,981,32,
Zigzag Traps,RRT,42,1,0.019009799987543374,21,7,47.93833786743635,904,28,
Zigzag Traps,RRT,43,1,0.028476100007537752,31,11,56.738947451772965,1384,44,
Zigzag Traps,RRT,44,1,0.012802099983673543,11,6,46.44819779924268,600,22,
Zigzag Traps,RRT,45,1,0.021830700017744675,21,8,54.22832622330193,1024,41,
Zigzag Traps,RRT,46,1,0.008790099993348122,11,5,43.68530696114273,422,10,
Zigzag Traps,RRT,47,1,0.010133400006452575,11,7,49.288826196598826,510,15,
Zigzag Traps,RRT,48,1,0.009394100023200735,11,5,47.617197496203524,477,15,
Zigzag Traps,RRT,49,1,0.011981400020886213,11,6,44.67369177981729,586,19,
